outcome_id,exposure,assumed_population_prevalence,exposure_R2,outcome_R2,exposure_R2_greater,interpretation
finn-b-M13_INTERVERTEB,BMI,0.001,0.0499492249481442,0.0071123231753102,True,"Assumption-dependent directionality diagnostic, not causal proof; no formal Steiger P used"
finn-b-M13_INTERVERTEB,BMI,0.005,0.0499492249481442,0.0071124427068656,True,"Assumption-dependent directionality diagnostic, not causal proof; no formal Steiger P used"
finn-b-M13_INTERVERTEB,BMI,0.01,0.0499492249481442,0.0071125920720502,True,"Assumption-dependent directionality diagnostic, not causal proof; no formal Steiger P used"
finn-b-M13_INTERVERTEB,BMI,0.02,0.0499492249481442,0.0071128906382206,True,"Assumption-dependent directionality diagnostic, not causal proof; no formal Steiger P used"
finn-b-M13_INTERVERTEB,BMI,0.05,0.0499492249481442,0.0071137850231417,True,"Assumption-dependent directionality diagnostic, not causal proof; no formal Steiger P used"
finn-b-M13_INTERVERTEB,BMI,0.1,0.0499492249481442,0.0071152712860438,True,"Assumption-dependent directionality diagnostic, not causal proof; no formal Steiger P used"
finn-b-M13_INTERVERTEB,BMI,0.10829908545995,0.0499492249481442,0.0071155174488732,True,"Assumption-dependent directionality diagnostic, not causal proof; no formal Steiger P used"
finn-b-M13_INTERVERTEB,BMI,0.15,0.0499492249481442,0.0071167520756559,True,"Assumption-dependent directionality diagnostic, not causal proof; no formal Steiger P used"
finn-b-M13_INTERVERTEB,BMI,0.2,0.0499492249481442,0.0071182273919797,True,"Assumption-dependent directionality diagnostic, not causal proof; no formal Steiger P used"
finn-b-M13_SPINSTENOSIS,BMI,0.001,0.0499492249481442,0.0139901490661384,True,"Assumption-dependent directionality diagnostic, not causal proof; no formal Steiger P used"
finn-b-M13_SPINSTENOSIS,BMI,0.005,0.0499492249481442,0.0139902751921834,True,"Assumption-dependent directionality diagnostic, not causal proof; no formal Steiger P used"
finn-b-M13_SPINSTENOSIS,BMI,0.01,0.0499492249481442,0.0139904326428652,True,"Assumption-dependent directionality diagnostic, not causal proof; no formal Steiger P used"
finn-b-M13_SPINSTENOSIS,BMI,0.02,0.0499492249481442,0.0139907468546471,True,"Assumption-dependent directionality diagnostic, not causal proof; no formal Steiger P used"
finn-b-M13_SPINSTENOSIS,BMI,0.05,0.0499492249481442,0.0139916839733386,True,"Assumption-dependent directionality diagnostic, not causal proof; no formal Steiger P used"
finn-b-M13_SPINSTENOSIS,BMI,0.0527405651966339,0.0499492249481442,0.0139917691686705,True,"Assumption-dependent directionality diagnostic, not causal proof; no formal Steiger P used"
finn-b-M13_SPINSTENOSIS,BMI,0.1,0.0499492249481442,0.0139932274489693,True,"Assumption-dependent directionality diagnostic, not causal proof; no formal Steiger P used"
finn-b-M13_SPINSTENOSIS,BMI,0.15,0.0499492249481442,0.0139947479385181,True,"Assumption-dependent directionality diagnostic, not causal proof; no formal Steiger P used"
finn-b-M13_SPINSTENOSIS,BMI,0.2,0.0499492249481442,0.0139962454419694,True,"Assumption-dependent directionality diagnostic, not causal proof; no formal Steiger P used"
