analysis_block,exposure,exposure_id,exposure_construct,outcome,outcome_id,harmonised_snps,ivw_or_ci,ivw_p,weighted_median_b,weighted_median_p,mr_egger_b,mr_egger_p,egger_intercept,egger_intercept_p,interpretation,note,review4_4_status,ivw_beta_verified,ivw_se_verified,ivw_OR_verified,ivw_CI_lower_verified,ivw_CI_upper_verified,duplicate_evidence_note
Non-UKB alternative adiposity,Waist-to-hip ratio,ieu-a-73,Central adiposity,Other intervertebral disc disorders / intervertebral disc degeneration,finn-b-M13_INTERVERTEB,28,1.10 (0.86-1.40),0.452799523181896,0.185748135536714,0.172119376626403,0.0360057492638917,0.95092844655836,0.0014770645050929,0.920899066041668,positive_but_imprecise,Primary alternative adiposity sensitivity.,Retained descriptive analysis; not an independent replication,0.0927209289559034,0.1235034163267889,1.0971555082073048,0.8612750951597861,1.3976373123459545,
Non-UKB alternative adiposity,Waist-to-hip ratio,ieu-a-73,Central adiposity,Spinal stenosis,finn-b-M13_SPINSTENOSIS,28,1.07 (0.75-1.52),0.714532072945915,0.0871422756774203,0.680246557306156,0.269022020035849,0.7526585312425,-0.0052892281709491,0.807344632110996,positive_but_imprecise,Primary alternative adiposity sensitivity.,Retained descriptive analysis; not an independent replication,0.0658955326572625,0.1801525927345612,1.0681151281882133,0.7503638469487114,1.5204223013992086,
Non-UKB alternative adiposity,Waist circumference,ieu-a-61,Abdominal adiposity,Other intervertebral disc disorders / intervertebral disc degeneration,finn-b-M13_INTERVERTEB,41,1.30 (1.10-1.55),0.0020461389022347,0.221020577825729,0.0581133649309861,0.16264751347032,0.489705940428188,0.0032812180452492,0.635104492142534,supports_broader_adiposity_signal,Primary alternative adiposity sensitivity.,Retained descriptive analysis; not an independent replication,0.2661209532002236,0.0863061675446728,1.3048928801120308,1.10182067779859,1.5453925152041197,
Non-UKB alternative adiposity,Waist circumference,ieu-a-61,Abdominal adiposity,Spinal stenosis,finn-b-M13_SPINSTENOSIS,41,1.50 (1.15-1.95),0.0026960277882853,0.366781551614759,0.0342408278252875,0.386599596835625,0.294277906902421,0.000505387453609,0.962549593470233,supports_broader_adiposity_signal,Primary alternative adiposity sensitivity.,Retained descriptive analysis; not an independent replication,0.4025403628538017,0.1341610965871503,1.4956192914694626,1.1498016456059,1.9454460459020055,
Non-UKB alternative adiposity,Body fat,ieu-a-999,General adiposity,Other intervertebral disc disorders / intervertebral disc degeneration,finn-b-M13_INTERVERTEB,9,1.03 (0.73-1.46),0.861671680278888,0.0891958115751007,0.632605107020392,0.711465466164712,0.530507235083481,-0.0232293524025808,0.542173477889261,positive_but_imprecise,Small non-UKB body-fat instrument set; directionally informative but imprecise.,Retained descriptive analysis; not an independent replication,0.0306545583275672,0.175926313266996,1.0311292473454403,0.730406040500702,1.4556663907137448,The retained harmonised 9-SNP numeric inputs are identical for these two identifiers; do not count as two independent validations. Figure 3 displays one representative.
Non-UKB alternative adiposity,Body fat,ieu-a-999,General adiposity,Spinal stenosis,finn-b-M13_SPINSTENOSIS,9,1.12 (0.61-2.05),0.713162216673507,0.0685374810854697,0.825431754705105,4.25171778390124,0.0073297021217135,-0.140951859688525,0.0077940053791076,positive_but_imprecise,Small non-UKB body-fat instrument set; directionally informative but imprecise.,Retained descriptive analysis; not an independent replication,0.1133189613863792,0.3082565778292971,1.1199891092618515,0.6121041512569967,2.0492845903580488,The retained harmonised 9-SNP numeric inputs are identical for these two identifiers; do not count as two independent validations. Figure 3 displays one representative.
Non-UKB alternative adiposity,Body fat percentage,ebi-a-GCST003435,General adiposity,Other intervertebral disc disorders / intervertebral disc degeneration,finn-b-M13_INTERVERTEB,9,1.03 (0.73-1.46),0.861671680278888,0.0891958115751007,0.641873196450639,0.711465466164712,0.530507235083481,-0.0232293524025808,0.542173477889261,positive_but_imprecise,Small non-UKB body-fat instrument set; directionally informative but imprecise.,Retained descriptive analysis; not an independent replication,0.0306545583275672,0.175926313266996,1.0311292473454403,0.730406040500702,1.4556663907137448,The retained harmonised 9-SNP numeric inputs are identical for these two identifiers; do not count as two independent validations. Figure 3 displays one representative.
Non-UKB alternative adiposity,Body fat percentage,ebi-a-GCST003435,General adiposity,Spinal stenosis,finn-b-M13_SPINSTENOSIS,9,1.12 (0.61-2.05),0.713162216673507,0.0685374810854697,0.820643521469331,4.25171778390124,0.0073297021217135,-0.140951859688525,0.0077940053791076,positive_but_imprecise,Small non-UKB body-fat instrument set; directionally informative but imprecise.,Retained descriptive analysis; not an independent replication,0.1133189613863792,0.3082565778292971,1.1199891092618515,0.6121041512569967,2.0492845903580488,The retained harmonised 9-SNP numeric inputs are identical for these two identifiers; do not count as two independent validations. Figure 3 displays one representative.
Non-UKB alternative adiposity,Waist-to-hip ratio adjusted for BMI,ieu-a-78,BMI-independent central adiposity,Other intervertebral disc disorders / intervertebral disc degeneration,finn-b-M13_INTERVERTEB,36,0.95 (0.78-1.16),0.59246377402977,-0.0592830316507624,0.623140774736096,-0.310237496887717,0.535920749998788,0.0071369745706915,0.601629342584299,not_supportive_or_reverse_direction,BMI-adjusted WHR tests BMI-independent central adiposity.,Retained descriptive analysis; not an independent replication,-0.0544781218541566,0.1017770677812356,0.9469792267808235,0.775724762544943,1.156041033178247,
Non-UKB alternative adiposity,Waist-to-hip ratio adjusted for BMI,ieu-a-78,BMI-independent central adiposity,Spinal stenosis,finn-b-M13_SPINSTENOSIS,36,0.85 (0.66-1.10),0.214206565363297,-0.243930194894316,0.137248300796926,-0.622371185062058,0.331836520245959,0.0128522084868091,0.461547640756861,not_supportive_or_reverse_direction,BMI-adjusted WHR tests BMI-independent central adiposity.,Retained descriptive analysis; not an independent replication,-0.1617928181605355,0.1302594423369669,0.8506174187669095,0.65895723933364,1.0980226787421872,
UKB body-composition sensitivity,Waist circumference,ukb-b-9405,Abdominal adiposity,Other intervertebral disc disorders / intervertebral disc degeneration,finn-b-M13_INTERVERTEB,352,1.32 (1.19-1.47),3.08e-07,0.260649774972304,0.0033309567065837,0.438112131924388,0.0047933959230801,-0.0026592925977307,0.26469116035277,positive_supportive_sensitivity,Full instrument set; UKB exposure paired only with FinnGen structural outcomes.,Retained descriptive analysis; not an independent replication,0.2766045466152505,0.0540399760615409,1.3186448053627378,1.1861207874815043,1.4659755912398986,
UKB body-composition sensitivity,Waist circumference,ukb-b-9405,Abdominal adiposity,Spinal stenosis,finn-b-M13_SPINSTENOSIS,352,1.62 (1.40-1.88),2.95e-10,0.488209177309007,7.39701550577905e-05,0.724139918064893,0.0010451845665906,-0.0039660247867091,0.24119576732608,positive_supportive_sensitivity,Full instrument set; UKB exposure paired only with FinnGen structural outcomes.,Retained descriptive analysis; not an independent replication,0.4832297731379797,0.076686773208947,1.6213023939551319,1.3950447024931363,1.884256072903567,
UKB body-composition sensitivity,Body fat percentage,ukb-b-8909,General adiposity,Other intervertebral disc disorders / intervertebral disc degeneration,finn-b-M13_INTERVERTEB,91,1.40 (1.17-1.68),0.000263,0.27133212338399,0.0270595595497436,0.297873068340822,0.36300162638285,0.0007811489516925,0.894590338136693,positive_supportive_sensitivity,Strongest 96 instruments used for outcome extraction; exploratory UKB sensitivity.,Retained descriptive analysis; not an independent replication,0.339340022454341,0.0929855570938589,1.404020662610457,1.1701028833934701,1.6847014472096016,
UKB body-composition sensitivity,Body fat percentage,ukb-b-8909,General adiposity,Spinal stenosis,finn-b-M13_SPINSTENOSIS,91,1.62 (1.16-2.26),0.004,0.640098468973123,0.0004544318392981,0.862527431536015,0.146434031273407,-0.0071554248388046,0.502482509785118,positive_supportive_sensitivity,Strongest 96 instruments used for outcome extraction; exploratory UKB sensitivity.,Retained descriptive analysis; not an independent replication,0.4828232416378315,0.1686270228898987,1.6206434174171593,1.1645332348514486,2.2553972766201142,
