outcome_id,exposure,rho,conditional_F
finn-b-M13_INTERVERTEB,BMI,-0.9,11.390942965185072
finn-b-M13_INTERVERTEB,BMI,-0.8,11.997075660261784
finn-b-M13_INTERVERTEB,BMI,-0.7,12.671346189049576
finn-b-M13_INTERVERTEB,BMI,-0.6,13.425929389508273
finn-b-M13_INTERVERTEB,BMI,-0.5,14.276084640499109
finn-b-M13_INTERVERTEB,BMI,-0.4,15.241198890658469
finn-b-M13_INTERVERTEB,BMI,-0.3,16.346283684912468
finn-b-M13_INTERVERTEB,BMI,-0.2,17.624174806846344
finn-b-M13_INTERVERTEB,BMI,-0.1,19.118851990177564
finn-b-M13_INTERVERTEB,BMI,0.0,20.890605970214587
finn-b-M13_INTERVERTEB,BMI,0.1,23.02437516789914
finn-b-M13_INTERVERTEB,BMI,0.2,25.64377958786752
finn-b-M13_INTERVERTEB,BMI,0.3,28.93598029127879
finn-b-M13_INTERVERTEB,BMI,0.4,33.19855048947072
finn-b-M13_INTERVERTEB,BMI,0.5,38.935053497049445
finn-b-M13_INTERVERTEB,BMI,0.6,47.070827033093344
finn-b-M13_INTERVERTEB,BMI,0.7,59.5125254439351
finn-b-M13_INTERVERTEB,BMI,0.8,80.92414359571681
finn-b-M13_INTERVERTEB,BMI,0.9,126.597646798198
finn-b-M13_INTERVERTEB,Smoking initiation,-0.9,3.6247987436141846
finn-b-M13_INTERVERTEB,Smoking initiation,-0.8,3.684583401397751
finn-b-M13_INTERVERTEB,Smoking initiation,-0.7,3.746375277655791
finn-b-M13_INTERVERTEB,Smoking initiation,-0.6,3.8102772928677298
finn-b-M13_INTERVERTEB,Smoking initiation,-0.5,3.876399533992231
finn-b-M13_INTERVERTEB,Smoking initiation,-0.4,3.944859889989415
finn-b-M13_INTERVERTEB,Smoking initiation,-0.3,4.015784756272767
finn-b-M13_INTERVERTEB,Smoking initiation,-0.2,4.08930981698402
finn-b-M13_INTERVERTEB,Smoking initiation,-0.1,4.165580915321879
finn-b-M13_INTERVERTEB,Smoking initiation,0.0,4.244755023723975
finn-b-M13_INTERVERTEB,Smoking initiation,0.1,4.327001327546118
finn-b-M13_INTERVERTEB,Smoking initiation,0.2,4.41250243805896
finn-b-M13_INTERVERTEB,Smoking initiation,0.3,4.501455753157176
finn-b-M13_INTERVERTEB,Smoking initiation,0.4,4.594074987233221
finn-b-M13_INTERVERTEB,Smoking initiation,0.5,4.690591895309251
finn-b-M13_INTERVERTEB,Smoking initiation,0.6,4.791258220873918
finn-b-M13_INTERVERTEB,Smoking initiation,0.7,4.896347902093694
finn-b-M13_INTERVERTEB,Smoking initiation,0.8,5.006159577358983
finn-b-M13_INTERVERTEB,Smoking initiation,0.9,5.121019438732115
finn-b-M13_SPINSTENOSIS,BMI,-0.9,11.390942965185072
finn-b-M13_SPINSTENOSIS,BMI,-0.8,11.997075660261784
finn-b-M13_SPINSTENOSIS,BMI,-0.7,12.671346189049576
finn-b-M13_SPINSTENOSIS,BMI,-0.6,13.425929389508273
finn-b-M13_SPINSTENOSIS,BMI,-0.5,14.276084640499109
finn-b-M13_SPINSTENOSIS,BMI,-0.4,15.241198890658469
finn-b-M13_SPINSTENOSIS,BMI,-0.3,16.346283684912468
finn-b-M13_SPINSTENOSIS,BMI,-0.2,17.624174806846344
finn-b-M13_SPINSTENOSIS,BMI,-0.1,19.118851990177564
finn-b-M13_SPINSTENOSIS,BMI,0.0,20.890605970214587
finn-b-M13_SPINSTENOSIS,BMI,0.1,23.02437516789914
finn-b-M13_SPINSTENOSIS,BMI,0.2,25.64377958786752
finn-b-M13_SPINSTENOSIS,BMI,0.3,28.93598029127879
finn-b-M13_SPINSTENOSIS,BMI,0.4,33.19855048947072
finn-b-M13_SPINSTENOSIS,BMI,0.5,38.935053497049445
finn-b-M13_SPINSTENOSIS,BMI,0.6,47.070827033093344
finn-b-M13_SPINSTENOSIS,BMI,0.7,59.5125254439351
finn-b-M13_SPINSTENOSIS,BMI,0.8,80.92414359571681
finn-b-M13_SPINSTENOSIS,BMI,0.9,126.597646798198
finn-b-M13_SPINSTENOSIS,Smoking initiation,-0.9,3.6247987436141846
finn-b-M13_SPINSTENOSIS,Smoking initiation,-0.8,3.684583401397751
finn-b-M13_SPINSTENOSIS,Smoking initiation,-0.7,3.746375277655791
finn-b-M13_SPINSTENOSIS,Smoking initiation,-0.6,3.8102772928677298
finn-b-M13_SPINSTENOSIS,Smoking initiation,-0.5,3.876399533992231
finn-b-M13_SPINSTENOSIS,Smoking initiation,-0.4,3.944859889989415
finn-b-M13_SPINSTENOSIS,Smoking initiation,-0.3,4.015784756272767
finn-b-M13_SPINSTENOSIS,Smoking initiation,-0.2,4.08930981698402
finn-b-M13_SPINSTENOSIS,Smoking initiation,-0.1,4.165580915321879
finn-b-M13_SPINSTENOSIS,Smoking initiation,0.0,4.244755023723975
finn-b-M13_SPINSTENOSIS,Smoking initiation,0.1,4.327001327546118
finn-b-M13_SPINSTENOSIS,Smoking initiation,0.2,4.41250243805896
finn-b-M13_SPINSTENOSIS,Smoking initiation,0.3,4.501455753157176
finn-b-M13_SPINSTENOSIS,Smoking initiation,0.4,4.594074987233221
finn-b-M13_SPINSTENOSIS,Smoking initiation,0.5,4.690591895309251
finn-b-M13_SPINSTENOSIS,Smoking initiation,0.6,4.791258220873918
finn-b-M13_SPINSTENOSIS,Smoking initiation,0.7,4.896347902093694
finn-b-M13_SPINSTENOSIS,Smoking initiation,0.8,5.006159577358983
finn-b-M13_SPINSTENOSIS,Smoking initiation,0.9,5.121019438732115
