id.exposure,id.outcome,outcome,exposure,method,nsnp,b,se,pval,domain,endpoint_label,priority,rationale,or,ci95_lower,ci95_upper,exposure_run,run_folder,review4_4_status,bootstrap_seed,bootstrap_replicates,CI_distribution,repair_note
ieu-b-40,finn-b-M13_INTERVERTEB,Other intervertebral disc disorders || id:finn-b-M13_INTERVERTEB,body mass index || id:ieu-b-40,MR Egger,480,0.26887142018302,0.108687011194454,0.0137142478102889,Disc,Other intervertebral disc disorders / intervertebral disc degeneration,primary,Registry-coded diagnosis; neither imaging-confirmed degeneration nor verified zero overlap,1.30848688522532,1.0568661253498537,1.6200140090968502,BMI,01_bmi,Retained descriptive analysis; not an independent replication,,,"Student t, df=nsnp-2",Egger CI matches t-based P; four primary weighted-median SE/P rerun with fixed seeds and 5000 bootstraps; point estimates unchanged
ieu-b-40,finn-b-M13_INTERVERTEB,Other intervertebral disc disorders || id:finn-b-M13_INTERVERTEB,body mass index || id:ieu-b-40,Weighted median,480,0.172767747195556,0.0697616050079033,0.013266093718695,Disc,Other intervertebral disc disorders / intervertebral disc degeneration,primary,Registry-coded diagnosis; neither imaging-confirmed degeneration nor verified zero overlap,1.18859001965907,1.0366947361996204,1.3627408199370932,BMI,01_bmi,Retained descriptive analysis; not an independent replication,20260927.0,5000.0,normal,Egger CI matches t-based P; four primary weighted-median SE/P rerun with fixed seeds and 5000 bootstraps; point estimates unchanged
ieu-b-40,finn-b-M13_INTERVERTEB,Other intervertebral disc disorders || id:finn-b-M13_INTERVERTEB,body mass index || id:ieu-b-40,Inverse variance weighted,480,0.262916246387351,0.0422328279887394,4.80329014268285e-10,Disc,Other intervertebral disc disorders / intervertebral disc degeneration,primary,Registry-coded diagnosis; neither imaging-confirmed degeneration nor verified zero overlap,1.30071777457689,1.1973866910388595,1.4129660382581823,BMI,01_bmi,Retained descriptive analysis; not an independent replication,,,normal,Egger CI matches t-based P; four primary weighted-median SE/P rerun with fixed seeds and 5000 bootstraps; point estimates unchanged
ieu-b-40,finn-b-M13_INTERVERTEB,Other intervertebral disc disorders || id:finn-b-M13_INTERVERTEB,body mass index || id:ieu-b-40,Simple mode,480,0.176657953626668,0.326195155981345,0.588365632242493,Disc,Other intervertebral disc disorders / intervertebral disc degeneration,primary,Registry-coded diagnosis; neither imaging-confirmed degeneration nor verified zero overlap,1.19322288575754,0.6295986009363868,2.261410449416509,BMI,01_bmi,Retained descriptive analysis; not an independent replication,,,normal,Egger CI matches t-based P; four primary weighted-median SE/P rerun with fixed seeds and 5000 bootstraps; point estimates unchanged
ieu-b-40,finn-b-M13_INTERVERTEB,Other intervertebral disc disorders || id:finn-b-M13_INTERVERTEB,body mass index || id:ieu-b-40,Weighted mode,480,0.176657953626668,0.466893584379017,0.705324291365356,Disc,Other intervertebral disc disorders / intervertebral disc degeneration,primary,Registry-coded diagnosis; neither imaging-confirmed degeneration nor verified zero overlap,1.19322288575754,0.4778603918696046,2.9794912474856705,BMI,01_bmi,Retained descriptive analysis; not an independent replication,,,normal,Egger CI matches t-based P; four primary weighted-median SE/P rerun with fixed seeds and 5000 bootstraps; point estimates unchanged
ieu-b-40,finn-b-M13_SPINSTENOSIS,Spinal stenosis || id:finn-b-M13_SPINSTENOSIS,body mass index || id:ieu-b-40,MR Egger,480,0.522674875680244,0.148082550867146,0.0004564198322194,Stenosis,Spinal stenosis,primary,Clinically specific degenerative spine endpoint with clear surgical relevance,1.68653288734163,1.2607435374879532,2.256123545754908,BMI,01_bmi,Retained descriptive analysis; not an independent replication,,,"Student t, df=nsnp-2",Egger CI matches t-based P; four primary weighted-median SE/P rerun with fixed seeds and 5000 bootstraps; point estimates unchanged
ieu-b-40,finn-b-M13_SPINSTENOSIS,Spinal stenosis || id:finn-b-M13_SPINSTENOSIS,body mass index || id:ieu-b-40,Weighted median,480,0.366524717117214,0.0973162496092726,0.0001656674745371,Stenosis,Spinal stenosis,primary,Clinically specific degenerative spine endpoint with clear surgical relevance,1.44271205979268,1.1921857329908188,1.745884076510144,BMI,01_bmi,Retained descriptive analysis; not an independent replication,20260929.0,5000.0,normal,Egger CI matches t-based P; four primary weighted-median SE/P rerun with fixed seeds and 5000 bootstraps; point estimates unchanged
ieu-b-40,finn-b-M13_SPINSTENOSIS,Spinal stenosis || id:finn-b-M13_SPINSTENOSIS,body mass index || id:ieu-b-40,Inverse variance weighted,480,0.483729640780244,0.0574958534747395,3.98646894814497e-17,Stenosis,Spinal stenosis,primary,Clinically specific degenerative spine endpoint with clear surgical relevance,1.62211303314947,1.4492408081199493,1.8156062661020416,BMI,01_bmi,Retained descriptive analysis; not an independent replication,,,normal,Egger CI matches t-based P; four primary weighted-median SE/P rerun with fixed seeds and 5000 bootstraps; point estimates unchanged
ieu-b-40,finn-b-M13_SPINSTENOSIS,Spinal stenosis || id:finn-b-M13_SPINSTENOSIS,body mass index || id:ieu-b-40,Simple mode,480,0.330630976080839,0.653507820641553,0.613136646912478,Stenosis,Spinal stenosis,primary,Clinically specific degenerative spine endpoint with clear surgical relevance,1.39184607303393,0.38665563427980637,5.010234739313506,BMI,01_bmi,Retained descriptive analysis; not an independent replication,,,normal,Egger CI matches t-based P; four primary weighted-median SE/P rerun with fixed seeds and 5000 bootstraps; point estimates unchanged
ieu-b-40,finn-b-M13_SPINSTENOSIS,Spinal stenosis || id:finn-b-M13_SPINSTENOSIS,body mass index || id:ieu-b-40,Weighted mode,480,0.330630976080839,0.720503715729922,0.646522284114858,Stenosis,Spinal stenosis,primary,Clinically specific degenerative spine endpoint with clear surgical relevance,1.39184607303393,0.3390762205556449,5.713274401388078,BMI,01_bmi,Retained descriptive analysis; not an independent replication,,,normal,Egger CI matches t-based P; four primary weighted-median SE/P rerun with fixed seeds and 5000 bootstraps; point estimates unchanged
ieu-b-40,finn-b-M13_LOWBACKPAIN,Low back pain || id:finn-b-M13_LOWBACKPAIN,body mass index || id:ieu-b-40,MR Egger,480,0.243658025679602,0.127328513090928,0.056266063934442,Pain,Low back pain,secondary,FinnGen low-back-pain endpoint is clinically useful but less structural than IVDD or stenosis,1.27590792812789,0.9934865350827877,1.638614096489955,BMI,01_bmi,Retained descriptive analysis; not an independent replication,,,"Student t, df=nsnp-2",Egger CI matches t-based P; four primary weighted-median SE/P rerun with fixed seeds and 5000 bootstraps; point estimates unchanged
ieu-b-40,finn-b-M13_LOWBACKPAIN,Low back pain || id:finn-b-M13_LOWBACKPAIN,body mass index || id:ieu-b-40,Weighted median,480,0.19990829672818,0.0785229480053545,0.0109009437018577,Pain,Low back pain,secondary,FinnGen low-back-pain endpoint is clinically useful but less structural than IVDD or stenosis,1.22129075666657,1.0470808470057267,1.4244851451389766,BMI,01_bmi,Retained descriptive analysis; not an independent replication,,,normal,Egger CI matches t-based P; four primary weighted-median SE/P rerun with fixed seeds and 5000 bootstraps; point estimates unchanged
ieu-b-40,finn-b-M13_LOWBACKPAIN,Low back pain || id:finn-b-M13_LOWBACKPAIN,body mass index || id:ieu-b-40,Inverse variance weighted,480,0.267985069408404,0.0494247642495911,5.89092142263827e-08,Pain,Low back pain,secondary,FinnGen low-back-pain endpoint is clinically useful but less structural than IVDD or stenosis,1.30732762069443,1.1866263863525932,1.440306340299703,BMI,01_bmi,Retained descriptive analysis; not an independent replication,,,normal,Egger CI matches t-based P; four primary weighted-median SE/P rerun with fixed seeds and 5000 bootstraps; point estimates unchanged
ieu-b-40,finn-b-M13_LOWBACKPAIN,Low back pain || id:finn-b-M13_LOWBACKPAIN,body mass index || id:ieu-b-40,Simple mode,480,0.180612696382956,0.400976327879791,0.652602549049171,Pain,Low back pain,secondary,FinnGen low-back-pain endpoint is clinically useful but less structural than IVDD or stenosis,1.19795111863153,0.5459180178796202,2.6287589631214083,BMI,01_bmi,Retained descriptive analysis; not an independent replication,,,normal,Egger CI matches t-based P; four primary weighted-median SE/P rerun with fixed seeds and 5000 bootstraps; point estimates unchanged
ieu-b-40,finn-b-M13_LOWBACKPAIN,Low back pain || id:finn-b-M13_LOWBACKPAIN,body mass index || id:ieu-b-40,Weighted mode,480,0.204932179192003,0.538858093044191,0.703885193528162,Pain,Low back pain,secondary,FinnGen low-back-pain endpoint is clinically useful but less structural than IVDD or stenosis,1.22744181604447,0.426897954840416,3.5292120627229435,BMI,01_bmi,Retained descriptive analysis; not an independent replication,,,normal,Egger CI matches t-based P; four primary weighted-median SE/P rerun with fixed seeds and 5000 bootstraps; point estimates unchanged
ieu-b-40,finn-b-M13_SCIATICA,Siatica+with lumbago || id:finn-b-M13_SCIATICA,body mass index || id:ieu-b-40,MR Egger,480,0.0350194286815879,0.142240447316496,0.805634022889981,Radicular,Sciatica (M54.3/M54.4),secondary,Radicular symptom endpoint; useful to test whether signals extend from structural degeneration to nerve-root symptoms,1.03563982972065,0.7831160262719824,1.369592526422537,BMI,01_bmi,Retained descriptive analysis; not an independent replication,,,"Student t, df=nsnp-2",Egger CI matches t-based P; four primary weighted-median SE/P rerun with fixed seeds and 5000 bootstraps; point estimates unchanged
ieu-b-40,finn-b-M13_SCIATICA,Siatica+with lumbago || id:finn-b-M13_SCIATICA,body mass index || id:ieu-b-40,Weighted median,480,0.0814037873532178,0.0866100872042381,0.347274979444742,Radicular,Sciatica (M54.3/M54.4),secondary,Radicular symptom endpoint; useful to test whether signals extend from structural degeneration to nerve-root symptoms,1.0848088402331,0.9154414561986293,1.2855111726473298,BMI,01_bmi,Retained descriptive analysis; not an independent replication,,,normal,Egger CI matches t-based P; four primary weighted-median SE/P rerun with fixed seeds and 5000 bootstraps; point estimates unchanged
ieu-b-40,finn-b-M13_SCIATICA,Siatica+with lumbago || id:finn-b-M13_SCIATICA,body mass index || id:ieu-b-40,Inverse variance weighted,480,0.302843881590104,0.0554730250196485,4.78015654628398e-08,Radicular,Sciatica (M54.3/M54.4),secondary,Radicular symptom endpoint; useful to test whether signals extend from structural degeneration to nerve-root symptoms,1.35370310996756,1.2142404659824635,1.5091838571308978,BMI,01_bmi,Retained descriptive analysis; not an independent replication,,,normal,Egger CI matches t-based P; four primary weighted-median SE/P rerun with fixed seeds and 5000 bootstraps; point estimates unchanged
ieu-b-40,finn-b-M13_SCIATICA,Siatica+with lumbago || id:finn-b-M13_SCIATICA,body mass index || id:ieu-b-40,Simple mode,480,-0.116044207955061,0.506067929638587,0.818729281375086,Radicular,Sciatica (M54.3/M54.4),secondary,Radicular symptom endpoint; useful to test whether signals extend from structural degeneration to nerve-root symptoms,0.890435858078953,0.33024544647908904,2.4008688864783627,BMI,01_bmi,Retained descriptive analysis; not an independent replication,,,normal,Egger CI matches t-based P; four primary weighted-median SE/P rerun with fixed seeds and 5000 bootstraps; point estimates unchanged
ieu-b-40,finn-b-M13_SCIATICA,Siatica+with lumbago || id:finn-b-M13_SCIATICA,body mass index || id:ieu-b-40,Weighted mode,480,-0.116044207955061,0.662769696982883,0.861083065122151,Radicular,Sciatica (M54.3/M54.4),secondary,Radicular symptom endpoint; useful to test whether signals extend from structural degeneration to nerve-root symptoms,0.890435858078953,0.24291372396757963,3.264023145347775,BMI,01_bmi,Retained descriptive analysis; not an independent replication,,,normal,Egger CI matches t-based P; four primary weighted-median SE/P rerun with fixed seeds and 5000 bootstraps; point estimates unchanged
ieu-b-40,finn-b-M13_LOWBACKPAINORANDSCIATICA,Lower back pain or/and sciatica || id:finn-b-M13_LOWBACKPAINORANDSCIATICA,body mass index || id:ieu-b-40,MR Egger,480,0.0990424346221675,0.105278345040882,0.347299246895237,Pain,Lower back pain or/and sciatica,exploratory,Larger FinnGen symptomatic composite; interpret cautiously because it combines pain and radicular phenotypes,1.10411315118921,0.8977863828394241,1.357857363322258,BMI,01_bmi,Retained descriptive analysis; not an independent replication,,,"Student t, df=nsnp-2",Egger CI matches t-based P; four primary weighted-median SE/P rerun with fixed seeds and 5000 bootstraps; point estimates unchanged
ieu-b-40,finn-b-M13_LOWBACKPAINORANDSCIATICA,Lower back pain or/and sciatica || id:finn-b-M13_LOWBACKPAINORANDSCIATICA,body mass index || id:ieu-b-40,Weighted median,480,0.0908740556353329,0.0676294692986607,0.179043801800075,Pain,Lower back pain or/and sciatica,exploratory,Larger FinnGen symptomatic composite; interpret cautiously because it combines pain and radicular phenotypes,1.09513107098566,0.9591792880120157,1.2503523351967767,BMI,01_bmi,Retained descriptive analysis; not an independent replication,,,normal,Egger CI matches t-based P; four primary weighted-median SE/P rerun with fixed seeds and 5000 bootstraps; point estimates unchanged
ieu-b-40,finn-b-M13_LOWBACKPAINORANDSCIATICA,Lower back pain or/and sciatica || id:finn-b-M13_LOWBACKPAINORANDSCIATICA,body mass index || id:ieu-b-40,Inverse variance weighted,480,0.227934096453536,0.0409963804715536,2.6999262802803e-08,Pain,Lower back pain or/and sciatica,exploratory,Larger FinnGen symptomatic composite; interpret cautiously because it combines pain and radicular phenotypes,1.25600254768244,1.1590290945975055,1.3610895594753056,BMI,01_bmi,Retained descriptive analysis; not an independent replication,,,normal,Egger CI matches t-based P; four primary weighted-median SE/P rerun with fixed seeds and 5000 bootstraps; point estimates unchanged
ieu-b-40,finn-b-M13_LOWBACKPAINORANDSCIATICA,Lower back pain or/and sciatica || id:finn-b-M13_LOWBACKPAINORANDSCIATICA,body mass index || id:ieu-b-40,Simple mode,480,0.0409738347955591,0.363077794773873,0.910195651974911,Pain,Lower back pain or/and sciatica,exploratory,Larger FinnGen symptomatic composite; interpret cautiously because it combines pain and radicular phenotypes,1.04182484562877,0.5113783424525878,2.122497021997072,BMI,01_bmi,Retained descriptive analysis; not an independent replication,,,normal,Egger CI matches t-based P; four primary weighted-median SE/P rerun with fixed seeds and 5000 bootstraps; point estimates unchanged
ieu-b-40,finn-b-M13_LOWBACKPAINORANDSCIATICA,Lower back pain or/and sciatica || id:finn-b-M13_LOWBACKPAINORANDSCIATICA,body mass index || id:ieu-b-40,Weighted mode,480,0.0206607679327986,0.441673065424569,0.962709325171589,Pain,Lower back pain or/and sciatica,exploratory,Larger FinnGen symptomatic composite; interpret cautiously because it combines pain and radicular phenotypes,1.02087567912353,0.429556270039909,2.4261947151396694,BMI,01_bmi,Retained descriptive analysis; not an independent replication,,,normal,Egger CI matches t-based P; four primary weighted-median SE/P rerun with fixed seeds and 5000 bootstraps; point estimates unchanged
ieu-b-40,ieu-a-7,Coronary heart disease || id:ieu-a-7,body mass index || id:ieu-b-40,MR Egger,482,0.613302359482572,0.0943877521733217,2.04465553773773e-10,Specificity,Coronary artery disease,specificity,Cardiometabolic specificity boundary for BMI and lipid-related signals,1.84651921140371,1.5339377470606457,2.2227976360947843,BMI,01_bmi,Retained descriptive analysis; not an independent replication,,,"Student t, df=nsnp-2",Egger CI matches t-based P; four primary weighted-median SE/P rerun with fixed seeds and 5000 bootstraps; point estimates unchanged
ieu-b-40,ieu-a-7,Coronary heart disease || id:ieu-a-7,body mass index || id:ieu-b-40,Weighted median,482,0.376125116801905,0.0573997714584513,5.649518650152209e-11,Specificity,Coronary artery disease,specificity,Cardiometabolic specificity boundary for BMI and lipid-related signals,1.45662937117885,1.301638209158739,1.6300759381919283,BMI,01_bmi,Retained descriptive analysis; not an independent replication,,,normal,Egger CI matches t-based P; four primary weighted-median SE/P rerun with fixed seeds and 5000 bootstraps; point estimates unchanged
ieu-b-40,ieu-a-7,Coronary heart disease || id:ieu-a-7,body mass index || id:ieu-b-40,Inverse variance weighted,482,0.405093645788026,0.0369933014288468,6.61114511713234e-28,Specificity,Coronary artery disease,specificity,Cardiometabolic specificity boundary for BMI and lipid-related signals,1.49944290999517,1.3945727658386196,1.6121991590612808,BMI,01_bmi,Retained descriptive analysis; not an independent replication,,,normal,Egger CI matches t-based P; four primary weighted-median SE/P rerun with fixed seeds and 5000 bootstraps; point estimates unchanged
ieu-b-40,ieu-a-7,Coronary heart disease || id:ieu-a-7,body mass index || id:ieu-b-40,Simple mode,482,0.338663158392254,0.18290612876487,0.0647005243483075,Specificity,Coronary artery disease,specificity,Cardiometabolic specificity boundary for BMI and lipid-related signals,1.40307065303145,0.9803689814088703,2.008026870218854,BMI,01_bmi,Retained descriptive analysis; not an independent replication,,,normal,Egger CI matches t-based P; four primary weighted-median SE/P rerun with fixed seeds and 5000 bootstraps; point estimates unchanged
ieu-b-40,ieu-a-7,Coronary heart disease || id:ieu-a-7,body mass index || id:ieu-b-40,Weighted mode,482,0.374031631164447,0.291121999435481,0.199482845493066,Specificity,Coronary artery disease,specificity,Cardiometabolic specificity boundary for BMI and lipid-related signals,1.45358312825665,0.8215544990237904,2.5718365771997367,BMI,01_bmi,Retained descriptive analysis; not an independent replication,,,normal,Egger CI matches t-based P; four primary weighted-median SE/P rerun with fixed seeds and 5000 bootstraps; point estimates unchanged
ieu-b-4877,finn-b-M13_INTERVERTEB,Other intervertebral disc disorders || id:finn-b-M13_INTERVERTEB,smoking initiation || id:ieu-b-4877,MR Egger,85,0.354893846773474,0.340949263700274,0.30094488406509,Disc,Other intervertebral disc disorders / intervertebral disc degeneration,primary,Registry-coded diagnosis; neither imaging-confirmed degeneration nor verified zero overlap,1.4260292686386,0.7237997409127881,2.809560932488595,Smoking initiation,02_smoking_initiation,Retained descriptive analysis; not an independent replication,,,"Student t, df=nsnp-2",Egger CI matches t-based P; four primary weighted-median SE/P rerun with fixed seeds and 5000 bootstraps; point estimates unchanged
ieu-b-4877,finn-b-M13_INTERVERTEB,Other intervertebral disc disorders || id:finn-b-M13_INTERVERTEB,smoking initiation || id:ieu-b-4877,Weighted median,85,0.163182295532655,0.0841542986066412,0.052491050480831,Disc,Other intervertebral disc disorders / intervertebral disc degeneration,primary,Registry-coded diagnosis; neither imaging-confirmed degeneration nor verified zero overlap,1.1772512777774,0.9982444439139007,1.3883579112092261,Smoking initiation,02_smoking_initiation,Retained descriptive analysis; not an independent replication,20260928.0,5000.0,normal,Egger CI matches t-based P; four primary weighted-median SE/P rerun with fixed seeds and 5000 bootstraps; point estimates unchanged
ieu-b-4877,finn-b-M13_INTERVERTEB,Other intervertebral disc disorders || id:finn-b-M13_INTERVERTEB,smoking initiation || id:ieu-b-4877,Inverse variance weighted,85,0.205893164440357,0.0676317765980932,0.0023320241811915,Disc,Other intervertebral disc disorders / intervertebral disc degeneration,primary,Registry-coded diagnosis; neither imaging-confirmed degeneration nor verified zero overlap,1.22862193647124,1.076093461500058,1.4027702209751505,Smoking initiation,02_smoking_initiation,Retained descriptive analysis; not an independent replication,,,normal,Egger CI matches t-based P; four primary weighted-median SE/P rerun with fixed seeds and 5000 bootstraps; point estimates unchanged
ieu-b-4877,finn-b-M13_INTERVERTEB,Other intervertebral disc disorders || id:finn-b-M13_INTERVERTEB,smoking initiation || id:ieu-b-4877,Simple mode,85,0.0848432216990758,0.246921201506169,0.732002342315222,Disc,Other intervertebral disc disorders / intervertebral disc degeneration,primary,Registry-coded diagnosis; neither imaging-confirmed degeneration nor verified zero overlap,1.08854639286582,0.670914588302749,1.7661461981603104,Smoking initiation,02_smoking_initiation,Retained descriptive analysis; not an independent replication,,,normal,Egger CI matches t-based P; four primary weighted-median SE/P rerun with fixed seeds and 5000 bootstraps; point estimates unchanged
ieu-b-4877,finn-b-M13_INTERVERTEB,Other intervertebral disc disorders || id:finn-b-M13_INTERVERTEB,smoking initiation || id:ieu-b-4877,Weighted mode,85,0.101966542050929,0.258466468872614,0.694207439482305,Disc,Other intervertebral disc disorders / intervertebral disc degeneration,primary,Registry-coded diagnosis; neither imaging-confirmed degeneration nor verified zero overlap,1.10734642156795,0.6672313589947888,1.8377674862384856,Smoking initiation,02_smoking_initiation,Retained descriptive analysis; not an independent replication,,,normal,Egger CI matches t-based P; four primary weighted-median SE/P rerun with fixed seeds and 5000 bootstraps; point estimates unchanged
ieu-b-4877,finn-b-M13_SPINSTENOSIS,Spinal stenosis || id:finn-b-M13_SPINSTENOSIS,smoking initiation || id:ieu-b-4877,MR Egger,85,0.447997400748543,0.518894568875147,0.390422735110445,Stenosis,Spinal stenosis,primary,Clinically specific degenerative spine endpoint with clear surgical relevance,1.5651746273658,0.5576280996442708,4.393199725251421,Smoking initiation,02_smoking_initiation,Retained descriptive analysis; not an independent replication,,,"Student t, df=nsnp-2",Egger CI matches t-based P; four primary weighted-median SE/P rerun with fixed seeds and 5000 bootstraps; point estimates unchanged
ieu-b-4877,finn-b-M13_SPINSTENOSIS,Spinal stenosis || id:finn-b-M13_SPINSTENOSIS,smoking initiation || id:ieu-b-4877,Weighted median,85,0.28299039569769,0.124095381638249,0.022582405945576,Stenosis,Spinal stenosis,primary,Clinically specific degenerative spine endpoint with clear surgical relevance,1.32709241595919,1.0405692477742077,1.6925104064564522,Smoking initiation,02_smoking_initiation,Retained descriptive analysis; not an independent replication,20260930.0,5000.0,normal,Egger CI matches t-based P; four primary weighted-median SE/P rerun with fixed seeds and 5000 bootstraps; point estimates unchanged
ieu-b-4877,finn-b-M13_SPINSTENOSIS,Spinal stenosis || id:finn-b-M13_SPINSTENOSIS,smoking initiation || id:ieu-b-4877,Inverse variance weighted,85,0.32101862763633,0.102770685100813,0.0017862883457832,Stenosis,Spinal stenosis,primary,Clinically specific degenerative spine endpoint with clear surgical relevance,1.37853125943356,1.1270366857032201,1.6861460299757147,Smoking initiation,02_smoking_initiation,Retained descriptive analysis; not an independent replication,,,normal,Egger CI matches t-based P; four primary weighted-median SE/P rerun with fixed seeds and 5000 bootstraps; point estimates unchanged
ieu-b-4877,finn-b-M13_SPINSTENOSIS,Spinal stenosis || id:finn-b-M13_SPINSTENOSIS,smoking initiation || id:ieu-b-4877,Simple mode,85,0.119521921621059,0.517684579676502,0.817971080993992,Stenosis,Spinal stenosis,primary,Clinically specific degenerative spine endpoint with clear surgical relevance,1.12695794854152,0.4085580743575277,3.1085769624748902,Smoking initiation,02_smoking_initiation,Retained descriptive analysis; not an independent replication,,,normal,Egger CI matches t-based P; four primary weighted-median SE/P rerun with fixed seeds and 5000 bootstraps; point estimates unchanged
ieu-b-4877,finn-b-M13_SPINSTENOSIS,Spinal stenosis || id:finn-b-M13_SPINSTENOSIS,smoking initiation || id:ieu-b-4877,Weighted mode,85,0.191241555992746,0.495011347790031,0.700223434909998,Stenosis,Spinal stenosis,primary,Clinically specific degenerative spine endpoint with clear surgical relevance,1.2107518811335,0.45888169024014036,3.19454915906792,Smoking initiation,02_smoking_initiation,Retained descriptive analysis; not an independent replication,,,normal,Egger CI matches t-based P; four primary weighted-median SE/P rerun with fixed seeds and 5000 bootstraps; point estimates unchanged
ieu-b-4877,finn-b-M13_LOWBACKPAIN,Low back pain || id:finn-b-M13_LOWBACKPAIN,smoking initiation || id:ieu-b-4877,MR Egger,85,0.33640514811654,0.40141735232789,0.404413225020158,Pain,Low back pain,secondary,FinnGen low-back-pain endpoint is clinically useful but less structural than IVDD or stenosis,1.399906079244,0.6300237129334306,3.1105766187428614,Smoking initiation,02_smoking_initiation,Retained descriptive analysis; not an independent replication,,,"Student t, df=nsnp-2",Egger CI matches t-based P; four primary weighted-median SE/P rerun with fixed seeds and 5000 bootstraps; point estimates unchanged
ieu-b-4877,finn-b-M13_LOWBACKPAIN,Low back pain || id:finn-b-M13_LOWBACKPAIN,smoking initiation || id:ieu-b-4877,Weighted median,85,0.23295736667345,0.0995303287294425,0.0192545020888417,Pain,Low back pain,secondary,FinnGen low-back-pain endpoint is clinically useful but less structural than IVDD or stenosis,1.26232766095266,1.0386081577845232,1.5342370572221167,Smoking initiation,02_smoking_initiation,Retained descriptive analysis; not an independent replication,,,normal,Egger CI matches t-based P; four primary weighted-median SE/P rerun with fixed seeds and 5000 bootstraps; point estimates unchanged
ieu-b-4877,finn-b-M13_LOWBACKPAIN,Low back pain || id:finn-b-M13_LOWBACKPAIN,smoking initiation || id:ieu-b-4877,Inverse variance weighted,85,0.304066246627494,0.0794664726654543,0.0001300592725062,Pain,Low back pain,secondary,FinnGen low-back-pain endpoint is clinically useful but less structural than IVDD or stenosis,1.35535884106793,1.1598779942601034,1.5837851887455054,Smoking initiation,02_smoking_initiation,Retained descriptive analysis; not an independent replication,,,normal,Egger CI matches t-based P; four primary weighted-median SE/P rerun with fixed seeds and 5000 bootstraps; point estimates unchanged
ieu-b-4877,finn-b-M13_LOWBACKPAIN,Low back pain || id:finn-b-M13_LOWBACKPAIN,smoking initiation || id:ieu-b-4877,Simple mode,85,0.0458036547025271,0.334295399219057,0.891346409192237,Pain,Low back pain,secondary,FinnGen low-back-pain endpoint is clinically useful but less structural than IVDD or stenosis,1.04686884300205,0.5436751898311304,2.0157888293355115,Smoking initiation,02_smoking_initiation,Retained descriptive analysis; not an independent replication,,,normal,Egger CI matches t-based P; four primary weighted-median SE/P rerun with fixed seeds and 5000 bootstraps; point estimates unchanged
ieu-b-4877,finn-b-M13_LOWBACKPAIN,Low back pain || id:finn-b-M13_LOWBACKPAIN,smoking initiation || id:ieu-b-4877,Weighted mode,85,-0.0269669896642455,0.356730507315643,0.939921182432491,Pain,Low back pain,secondary,FinnGen low-back-pain endpoint is clinically useful but less structural than IVDD or stenosis,0.973393373036063,0.48376988178303243,1.9585647936129045,Smoking initiation,02_smoking_initiation,Retained descriptive analysis; not an independent replication,,,normal,Egger CI matches t-based P; four primary weighted-median SE/P rerun with fixed seeds and 5000 bootstraps; point estimates unchanged
ieu-b-4877,finn-b-M13_SCIATICA,Siatica+with lumbago || id:finn-b-M13_SCIATICA,smoking initiation || id:ieu-b-4877,MR Egger,85,-0.421170161279855,0.443443066450205,0.344985111571207,Radicular,Sciatica (M54.3/M54.4),secondary,Radicular symptom endpoint; useful to test whether signals extend from structural degeneration to nerve-root symptoms,0.656278418731735,0.27167179283751697,1.5853738748307304,Smoking initiation,02_smoking_initiation,Retained descriptive analysis; not an independent replication,,,"Student t, df=nsnp-2",Egger CI matches t-based P; four primary weighted-median SE/P rerun with fixed seeds and 5000 bootstraps; point estimates unchanged
ieu-b-4877,finn-b-M13_SCIATICA,Siatica+with lumbago || id:finn-b-M13_SCIATICA,smoking initiation || id:ieu-b-4877,Weighted median,85,0.129628179205301,0.116079133177932,0.264112996611908,Radicular,Sciatica (M54.3/M54.4),secondary,Radicular symptom endpoint; useful to test whether signals extend from structural degeneration to nerve-root symptoms,1.13840502196227,0.9067552225677497,1.4292346619840668,Smoking initiation,02_smoking_initiation,Retained descriptive analysis; not an independent replication,,,normal,Egger CI matches t-based P; four primary weighted-median SE/P rerun with fixed seeds and 5000 bootstraps; point estimates unchanged
ieu-b-4877,finn-b-M13_SCIATICA,Siatica+with lumbago || id:finn-b-M13_SCIATICA,smoking initiation || id:ieu-b-4877,Inverse variance weighted,85,0.194498555085361,0.0888252559518895,0.0285477232953308,Radicular,Sciatica (M54.3/M54.4),secondary,Radicular symptom endpoint; useful to test whether signals extend from structural degeneration to nerve-root symptoms,1.21470172774347,1.0206138423430422,1.4456988786235059,Smoking initiation,02_smoking_initiation,Retained descriptive analysis; not an independent replication,,,normal,Egger CI matches t-based P; four primary weighted-median SE/P rerun with fixed seeds and 5000 bootstraps; point estimates unchanged
ieu-b-4877,finn-b-M13_SCIATICA,Siatica+with lumbago || id:finn-b-M13_SCIATICA,smoking initiation || id:ieu-b-4877,Simple mode,85,-0.351227043675924,0.446868468261261,0.434094221643555,Radicular,Sciatica (M54.3/M54.4),secondary,Radicular symptom endpoint; useful to test whether signals extend from structural degeneration to nerve-root symptoms,0.703823936939751,0.29314932818227124,1.6898150075287448,Smoking initiation,02_smoking_initiation,Retained descriptive analysis; not an independent replication,,,normal,Egger CI matches t-based P; four primary weighted-median SE/P rerun with fixed seeds and 5000 bootstraps; point estimates unchanged
ieu-b-4877,finn-b-M13_SCIATICA,Siatica+with lumbago || id:finn-b-M13_SCIATICA,smoking initiation || id:ieu-b-4877,Weighted mode,85,-0.270857099929256,0.483350761735766,0.576716048677774,Radicular,Sciatica (M54.3/M54.4),secondary,Radicular symptom endpoint; useful to test whether signals extend from structural degeneration to nerve-root symptoms,0.762725482143202,0.2957599347915529,1.9669674376976989,Smoking initiation,02_smoking_initiation,Retained descriptive analysis; not an independent replication,,,normal,Egger CI matches t-based P; four primary weighted-median SE/P rerun with fixed seeds and 5000 bootstraps; point estimates unchanged
ieu-b-4877,finn-b-M13_LOWBACKPAINORANDSCIATICA,Lower back pain or/and sciatica || id:finn-b-M13_LOWBACKPAINORANDSCIATICA,smoking initiation || id:ieu-b-4877,MR Egger,85,0.0832312567456545,0.329066958949097,0.800946867658561,Pain,Lower back pain or/and sciatica,exploratory,Larger FinnGen symptomatic composite; interpret cautiously because it combines pain and radicular phenotypes,1.0867931077271,0.5648078525901117,2.091187743914517,Smoking initiation,02_smoking_initiation,Retained descriptive analysis; not an independent replication,,,"Student t, df=nsnp-2",Egger CI matches t-based P; four primary weighted-median SE/P rerun with fixed seeds and 5000 bootstraps; point estimates unchanged
ieu-b-4877,finn-b-M13_LOWBACKPAINORANDSCIATICA,Lower back pain or/and sciatica || id:finn-b-M13_LOWBACKPAINORANDSCIATICA,smoking initiation || id:ieu-b-4877,Weighted median,85,0.178364522383947,0.0839086668849928,0.0335283768354756,Pain,Lower back pain or/and sciatica,exploratory,Larger FinnGen symptomatic composite; interpret cautiously because it combines pain and radicular phenotypes,1.19526094120109,1.0140037032661777,1.4089186390139725,Smoking initiation,02_smoking_initiation,Retained descriptive analysis; not an independent replication,,,normal,Egger CI matches t-based P; four primary weighted-median SE/P rerun with fixed seeds and 5000 bootstraps; point estimates unchanged
ieu-b-4877,finn-b-M13_LOWBACKPAINORANDSCIATICA,Lower back pain or/and sciatica || id:finn-b-M13_LOWBACKPAINORANDSCIATICA,smoking initiation || id:ieu-b-4877,Inverse variance weighted,85,0.206379444162152,0.0652560314641025,0.0015636110308246,Pain,Lower back pain or/and sciatica,exploratory,Larger FinnGen symptomatic composite; interpret cautiously because it combines pain and radicular phenotypes,1.22921953569312,1.0816416926026948,1.396932715577759,Smoking initiation,02_smoking_initiation,Retained descriptive analysis; not an independent replication,,,normal,Egger CI matches t-based P; four primary weighted-median SE/P rerun with fixed seeds and 5000 bootstraps; point estimates unchanged
ieu-b-4877,finn-b-M13_LOWBACKPAINORANDSCIATICA,Lower back pain or/and sciatica || id:finn-b-M13_LOWBACKPAINORANDSCIATICA,smoking initiation || id:ieu-b-4877,Simple mode,85,-0.201926556343587,0.333543632618713,0.546546960103002,Pain,Lower back pain or/and sciatica,exploratory,Larger FinnGen symptomatic composite; interpret cautiously because it combines pain and radicular phenotypes,0.817154940585128,0.42500256977400763,1.5711486104137018,Smoking initiation,02_smoking_initiation,Retained descriptive analysis; not an independent replication,,,normal,Egger CI matches t-based P; four primary weighted-median SE/P rerun with fixed seeds and 5000 bootstraps; point estimates unchanged
ieu-b-4877,finn-b-M13_LOWBACKPAINORANDSCIATICA,Lower back pain or/and sciatica || id:finn-b-M13_LOWBACKPAINORANDSCIATICA,smoking initiation || id:ieu-b-4877,Weighted mode,85,-0.217335275316839,0.337310114964756,0.521124269035175,Pain,Lower back pain or/and sciatica,exploratory,Larger FinnGen symptomatic composite; interpret cautiously because it combines pain and radicular phenotypes,0.804660141390357,0.41542592811284434,1.5585881846221001,Smoking initiation,02_smoking_initiation,Retained descriptive analysis; not an independent replication,,,normal,Egger CI matches t-based P; four primary weighted-median SE/P rerun with fixed seeds and 5000 bootstraps; point estimates unchanged
ieu-b-4877,ieu-a-7,Coronary heart disease || id:ieu-a-7,smoking initiation || id:ieu-b-4877,MR Egger,86,0.146022676683857,0.258449607542478,0.573583184034,Specificity,Coronary artery disease,specificity,Cardiometabolic specificity boundary for BMI and lipid-related signals,1.15722242972045,0.692163754920217,1.9347498945570472,Smoking initiation,02_smoking_initiation,Retained descriptive analysis; not an independent replication,,,"Student t, df=nsnp-2",Egger CI matches t-based P; four primary weighted-median SE/P rerun with fixed seeds and 5000 bootstraps; point estimates unchanged
ieu-b-4877,ieu-a-7,Coronary heart disease || id:ieu-a-7,smoking initiation || id:ieu-b-4877,Weighted median,86,0.264747036274493,0.0688993327416703,0.0001217776872196,Specificity,Coronary artery disease,specificity,Cardiometabolic specificity boundary for BMI and lipid-related signals,1.30310129672297,1.1384945568676468,1.491507341232288,Smoking initiation,02_smoking_initiation,Retained descriptive analysis; not an independent replication,,,normal,Egger CI matches t-based P; four primary weighted-median SE/P rerun with fixed seeds and 5000 bootstraps; point estimates unchanged
ieu-b-4877,ieu-a-7,Coronary heart disease || id:ieu-a-7,smoking initiation || id:ieu-b-4877,Inverse variance weighted,86,0.251845615703304,0.0502332379441299,5.34417015140984e-07,Specificity,Coronary artery disease,specificity,Cardiometabolic specificity boundary for BMI and lipid-related signals,1.2863974223924,1.1657798689956302,1.419494685358996,Smoking initiation,02_smoking_initiation,Retained descriptive analysis; not an independent replication,,,normal,Egger CI matches t-based P; four primary weighted-median SE/P rerun with fixed seeds and 5000 bootstraps; point estimates unchanged
ieu-b-4877,ieu-a-7,Coronary heart disease || id:ieu-a-7,smoking initiation || id:ieu-b-4877,Simple mode,86,0.250856676389388,0.189229237676055,0.188498867657073,Specificity,Coronary artery disease,specificity,Cardiometabolic specificity boundary for BMI and lipid-related signals,1.28512588224972,0.88689754180226,1.8621638412392292,Smoking initiation,02_smoking_initiation,Retained descriptive analysis; not an independent replication,,,normal,Egger CI matches t-based P; four primary weighted-median SE/P rerun with fixed seeds and 5000 bootstraps; point estimates unchanged
ieu-b-4877,ieu-a-7,Coronary heart disease || id:ieu-a-7,smoking initiation || id:ieu-b-4877,Weighted mode,86,0.257706182623869,0.204969127028431,0.212091310646271,Specificity,Coronary artery disease,specificity,Cardiometabolic specificity boundary for BMI and lipid-related signals,1.29395857525252,0.865865300821211,1.933705846488523,Smoking initiation,02_smoking_initiation,Retained descriptive analysis; not an independent replication,,,normal,Egger CI matches t-based P; four primary weighted-median SE/P rerun with fixed seeds and 5000 bootstraps; point estimates unchanged
ieu-b-142,finn-b-M13_INTERVERTEB,Other intervertebral disc disorders || id:finn-b-M13_INTERVERTEB,Cigarettes smoked per day || id:ieu-b-142,MR Egger,23,-0.150790760052845,0.102324763920026,0.155408991061682,Disc,Other intervertebral disc disorders / intervertebral disc degeneration,primary,Registry-coded diagnosis; neither imaging-confirmed degeneration nor verified zero overlap,0.860027631970196,0.6951784138687036,1.0639679152810377,Cigarettes smoked per day,03_cigarettes_smoked_per_day,Retained descriptive analysis; not an independent replication,,,"Student t, df=nsnp-2",Egger CI matches t-based P; four primary weighted-median SE/P rerun with fixed seeds and 5000 bootstraps; point estimates unchanged
ieu-b-142,finn-b-M13_INTERVERTEB,Other intervertebral disc disorders || id:finn-b-M13_INTERVERTEB,Cigarettes smoked per day || id:ieu-b-142,Weighted median,23,-0.0066412125596332,0.0584283959175082,0.909504051415619,Disc,Other intervertebral disc disorders / intervertebral disc degeneration,primary,Registry-coded diagnosis; neither imaging-confirmed degeneration nor verified zero overlap,0.993380791554219,0.8858933002575349,1.1139099897719238,Cigarettes smoked per day,03_cigarettes_smoked_per_day,Retained descriptive analysis; not an independent replication,,,normal,Egger CI matches t-based P; four primary weighted-median SE/P rerun with fixed seeds and 5000 bootstraps; point estimates unchanged
ieu-b-142,finn-b-M13_INTERVERTEB,Other intervertebral disc disorders || id:finn-b-M13_INTERVERTEB,Cigarettes smoked per day || id:ieu-b-142,Inverse variance weighted,23,0.132202885457491,0.0712020989656358,0.0633499524542557,Disc,Other intervertebral disc disorders / intervertebral disc degeneration,primary,Registry-coded diagnosis; neither imaging-confirmed degeneration nor verified zero overlap,1.14133985703767,0.9926762859187923,1.312267340059461,Cigarettes smoked per day,03_cigarettes_smoked_per_day,Retained descriptive analysis; not an independent replication,,,normal,Egger CI matches t-based P; four primary weighted-median SE/P rerun with fixed seeds and 5000 bootstraps; point estimates unchanged
ieu-b-142,finn-b-M13_INTERVERTEB,Other intervertebral disc disorders || id:finn-b-M13_INTERVERTEB,Cigarettes smoked per day || id:ieu-b-142,Simple mode,23,0.205497120150613,0.129728870461888,0.127452775239662,Disc,Other intervertebral disc disorders / intervertebral disc degeneration,primary,Registry-coded diagnosis; neither imaging-confirmed degeneration nor verified zero overlap,1.22813544411167,0.9524032102216894,1.5836954904134366,Cigarettes smoked per day,03_cigarettes_smoked_per_day,Retained descriptive analysis; not an independent replication,,,normal,Egger CI matches t-based P; four primary weighted-median SE/P rerun with fixed seeds and 5000 bootstraps; point estimates unchanged
ieu-b-142,finn-b-M13_INTERVERTEB,Other intervertebral disc disorders || id:finn-b-M13_INTERVERTEB,Cigarettes smoked per day || id:ieu-b-142,Weighted mode,23,0.0290617709872327,0.484236994400544,0.952685067803802,Disc,Other intervertebral disc disorders / intervertebral disc degeneration,primary,Registry-coded diagnosis; neither imaging-confirmed degeneration nor verified zero overlap,1.02948818501262,0.3985089594694621,2.65952846955199,Cigarettes smoked per day,03_cigarettes_smoked_per_day,Retained descriptive analysis; not an independent replication,,,normal,Egger CI matches t-based P; four primary weighted-median SE/P rerun with fixed seeds and 5000 bootstraps; point estimates unchanged
ieu-b-142,finn-b-M13_SPINSTENOSIS,Spinal stenosis || id:finn-b-M13_SPINSTENOSIS,Cigarettes smoked per day || id:ieu-b-142,MR Egger,23,-0.267469848690107,0.121587407497948,0.0391549533843653,Stenosis,Spinal stenosis,primary,Clinically specific degenerative spine endpoint with clear surgical relevance,0.765313405476609,0.5943275357110982,0.9854912878997332,Cigarettes smoked per day,03_cigarettes_smoked_per_day,Retained descriptive analysis; not an independent replication,,,"Student t, df=nsnp-2",Egger CI matches t-based P; four primary weighted-median SE/P rerun with fixed seeds and 5000 bootstraps; point estimates unchanged
ieu-b-142,finn-b-M13_SPINSTENOSIS,Spinal stenosis || id:finn-b-M13_SPINSTENOSIS,Cigarettes smoked per day || id:ieu-b-142,Weighted median,23,-0.0894874540168218,0.084107757566585,0.287345935519301,Stenosis,Spinal stenosis,primary,Clinically specific degenerative spine endpoint with clear surgical relevance,0.914399737096061,0.7754315005495712,1.0782730371525493,Cigarettes smoked per day,03_cigarettes_smoked_per_day,Retained descriptive analysis; not an independent replication,,,normal,Egger CI matches t-based P; four primary weighted-median SE/P rerun with fixed seeds and 5000 bootstraps; point estimates unchanged
ieu-b-142,finn-b-M13_SPINSTENOSIS,Spinal stenosis || id:finn-b-M13_SPINSTENOSIS,Cigarettes smoked per day || id:ieu-b-142,Inverse variance weighted,23,0.100302322374029,0.0875423588666335,0.251895466331985,Stenosis,Spinal stenosis,primary,Clinically specific degenerative spine endpoint with clear surgical relevance,1.10550508648206,0.9312034024980712,1.3124323783172915,Cigarettes smoked per day,03_cigarettes_smoked_per_day,Retained descriptive analysis; not an independent replication,,,normal,Egger CI matches t-based P; four primary weighted-median SE/P rerun with fixed seeds and 5000 bootstraps; point estimates unchanged
ieu-b-142,finn-b-M13_SPINSTENOSIS,Spinal stenosis || id:finn-b-M13_SPINSTENOSIS,Cigarettes smoked per day || id:ieu-b-142,Simple mode,23,0.0482939456307681,0.201127957970744,0.812463940109144,Stenosis,Spinal stenosis,primary,Clinically specific degenerative spine endpoint with clear surgical relevance,1.04947909978526,0.7075764432704903,1.5565899506140624,Cigarettes smoked per day,03_cigarettes_smoked_per_day,Retained descriptive analysis; not an independent replication,,,normal,Egger CI matches t-based P; four primary weighted-median SE/P rerun with fixed seeds and 5000 bootstraps; point estimates unchanged
ieu-b-142,finn-b-M13_SPINSTENOSIS,Spinal stenosis || id:finn-b-M13_SPINSTENOSIS,Cigarettes smoked per day || id:ieu-b-142,Weighted mode,23,-0.0812942272553625,0.615443988522991,0.896113441634505,Stenosis,Spinal stenosis,primary,Clinically specific degenerative spine endpoint with clear surgical relevance,0.921922396838952,0.2759481538550112,3.080074622422933,Cigarettes smoked per day,03_cigarettes_smoked_per_day,Retained descriptive analysis; not an independent replication,,,normal,Egger CI matches t-based P; four primary weighted-median SE/P rerun with fixed seeds and 5000 bootstraps; point estimates unchanged
ieu-b-142,finn-b-M13_LOWBACKPAIN,Low back pain || id:finn-b-M13_LOWBACKPAIN,Cigarettes smoked per day || id:ieu-b-142,MR Egger,23,-0.145009594650575,0.11705920908113,0.229098574945999,Pain,Low back pain,secondary,FinnGen low-back-pain endpoint is clinically useful but less structural than IVDD or stenosis,0.865013993563915,0.6781087901206503,1.1034353483727337,Cigarettes smoked per day,03_cigarettes_smoked_per_day,Retained descriptive analysis; not an independent replication,,,"Student t, df=nsnp-2",Egger CI matches t-based P; four primary weighted-median SE/P rerun with fixed seeds and 5000 bootstraps; point estimates unchanged
ieu-b-142,finn-b-M13_LOWBACKPAIN,Low back pain || id:finn-b-M13_LOWBACKPAIN,Cigarettes smoked per day || id:ieu-b-142,Weighted median,23,-0.0087310256603284,0.0657377192894951,0.894338843328294,Pain,Low back pain,secondary,FinnGen low-back-pain endpoint is clinically useful but less structural than IVDD or stenosis,0.991306979057062,0.8714693465101081,1.1276237433508407,Cigarettes smoked per day,03_cigarettes_smoked_per_day,Retained descriptive analysis; not an independent replication,,,normal,Egger CI matches t-based P; four primary weighted-median SE/P rerun with fixed seeds and 5000 bootstraps; point estimates unchanged
ieu-b-142,finn-b-M13_LOWBACKPAIN,Low back pain || id:finn-b-M13_LOWBACKPAIN,Cigarettes smoked per day || id:ieu-b-142,Inverse variance weighted,23,0.0578630180779644,0.07225975237224,0.423268205800192,Pain,Low back pain,secondary,FinnGen low-back-pain endpoint is clinically useful but less structural than IVDD or stenosis,1.05956984385518,0.9196487327249404,1.220779428120065,Cigarettes smoked per day,03_cigarettes_smoked_per_day,Retained descriptive analysis; not an independent replication,,,normal,Egger CI matches t-based P; four primary weighted-median SE/P rerun with fixed seeds and 5000 bootstraps; point estimates unchanged
ieu-b-142,finn-b-M13_LOWBACKPAIN,Low back pain || id:finn-b-M13_LOWBACKPAIN,Cigarettes smoked per day || id:ieu-b-142,Simple mode,23,0.0676684324354975,0.172017971241009,0.697825193772394,Pain,Low back pain,secondary,FinnGen low-back-pain endpoint is clinically useful but less structural than IVDD or stenosis,1.07001046889021,0.7637760997736297,1.4990288434974481,Cigarettes smoked per day,03_cigarettes_smoked_per_day,Retained descriptive analysis; not an independent replication,,,normal,Egger CI matches t-based P; four primary weighted-median SE/P rerun with fixed seeds and 5000 bootstraps; point estimates unchanged
ieu-b-142,finn-b-M13_LOWBACKPAIN,Low back pain || id:finn-b-M13_LOWBACKPAIN,Cigarettes smoked per day || id:ieu-b-142,Weighted mode,23,-0.0088663394315857,0.532726875255938,0.986871189554716,Pain,Low back pain,secondary,FinnGen low-back-pain endpoint is clinically useful but less structural than IVDD or stenosis,0.991172850646168,0.34889235996203233,2.8158358640039034,Cigarettes smoked per day,03_cigarettes_smoked_per_day,Retained descriptive analysis; not an independent replication,,,normal,Egger CI matches t-based P; four primary weighted-median SE/P rerun with fixed seeds and 5000 bootstraps; point estimates unchanged
ieu-b-142,finn-b-M13_SCIATICA,Siatica+with lumbago || id:finn-b-M13_SCIATICA,Cigarettes smoked per day || id:ieu-b-142,MR Egger,23,-0.0876794297142284,0.105826269773377,0.416692388625614,Radicular,Sciatica (M54.3/M54.4),secondary,Radicular symptom endpoint; useful to test whether signals extend from structural degeneration to nerve-root symptoms,0.916054489508528,0.735093773090767,1.1415629657974449,Cigarettes smoked per day,03_cigarettes_smoked_per_day,Retained descriptive analysis; not an independent replication,,,"Student t, df=nsnp-2",Egger CI matches t-based P; four primary weighted-median SE/P rerun with fixed seeds and 5000 bootstraps; point estimates unchanged
ieu-b-142,finn-b-M13_SCIATICA,Siatica+with lumbago || id:finn-b-M13_SCIATICA,Cigarettes smoked per day || id:ieu-b-142,Weighted median,23,0.0030165395439655,0.0834384466367201,0.971160463496083,Radicular,Sciatica (M54.3/M54.4),secondary,Radicular symptom endpoint; useful to test whether signals extend from structural degeneration to nerve-root symptoms,1.00302109387767,0.8517009505361666,1.1812260091176574,Cigarettes smoked per day,03_cigarettes_smoked_per_day,Retained descriptive analysis; not an independent replication,,,normal,Egger CI matches t-based P; four primary weighted-median SE/P rerun with fixed seeds and 5000 bootstraps; point estimates unchanged
ieu-b-142,finn-b-M13_SCIATICA,Siatica+with lumbago || id:finn-b-M13_SCIATICA,Cigarettes smoked per day || id:ieu-b-142,Inverse variance weighted,23,0.0493795690052328,0.0607378700685384,0.416221072803225,Radicular,Sciatica (M54.3/M54.4),secondary,Radicular symptom endpoint; useful to test whether signals extend from structural degeneration to nerve-root symptoms,1.05061905749741,0.9327067195891116,1.1834378168337931,Cigarettes smoked per day,03_cigarettes_smoked_per_day,Retained descriptive analysis; not an independent replication,,,normal,Egger CI matches t-based P; four primary weighted-median SE/P rerun with fixed seeds and 5000 bootstraps; point estimates unchanged
ieu-b-142,finn-b-M13_SCIATICA,Siatica+with lumbago || id:finn-b-M13_SCIATICA,Cigarettes smoked per day || id:ieu-b-142,Simple mode,23,0.140508483360259,0.159836844366404,0.388861899246033,Radicular,Sciatica (M54.3/M54.4),secondary,Radicular symptom endpoint; useful to test whether signals extend from structural degeneration to nerve-root symptoms,1.15085884267361,0.8413344851099617,1.5742562550338377,Cigarettes smoked per day,03_cigarettes_smoked_per_day,Retained descriptive analysis; not an independent replication,,,normal,Egger CI matches t-based P; four primary weighted-median SE/P rerun with fixed seeds and 5000 bootstraps; point estimates unchanged
ieu-b-142,finn-b-M13_SCIATICA,Siatica+with lumbago || id:finn-b-M13_SCIATICA,Cigarettes smoked per day || id:ieu-b-142,Weighted mode,23,-0.0051686696200192,0.524275900062734,0.992222892252538,Radicular,Sciatica (M54.3/M54.4),secondary,Radicular symptom endpoint; useful to test whether signals extend from structural degeneration to nerve-root symptoms,0.994844664968881,0.35603346429996935,2.779839556270414,Cigarettes smoked per day,03_cigarettes_smoked_per_day,Retained descriptive analysis; not an independent replication,,,normal,Egger CI matches t-based P; four primary weighted-median SE/P rerun with fixed seeds and 5000 bootstraps; point estimates unchanged
ieu-b-142,finn-b-M13_LOWBACKPAINORANDSCIATICA,Lower back pain or/and sciatica || id:finn-b-M13_LOWBACKPAINORANDSCIATICA,Cigarettes smoked per day || id:ieu-b-142,MR Egger,23,-0.125361744035481,0.0849469251054054,0.154844453350309,Pain,Lower back pain or/and sciatica,exploratory,Larger FinnGen symptomatic composite; interpret cautiously because it combines pain and radicular phenotypes,0.882177722328013,0.7393243535843477,1.052633434836599,Cigarettes smoked per day,03_cigarettes_smoked_per_day,Retained descriptive analysis; not an independent replication,,,"Student t, df=nsnp-2",Egger CI matches t-based P; four primary weighted-median SE/P rerun with fixed seeds and 5000 bootstraps; point estimates unchanged
ieu-b-142,finn-b-M13_LOWBACKPAINORANDSCIATICA,Lower back pain or/and sciatica || id:finn-b-M13_LOWBACKPAINORANDSCIATICA,Cigarettes smoked per day || id:ieu-b-142,Weighted median,23,-0.0138746884064732,0.058384795214267,0.812158653945572,Pain,Lower back pain or/and sciatica,exploratory,Larger FinnGen symptomatic composite; interpret cautiously because it combines pain and radicular phenotypes,0.986221121460172,0.8795834953671408,1.1057871203099152,Cigarettes smoked per day,03_cigarettes_smoked_per_day,Retained descriptive analysis; not an independent replication,,,normal,Egger CI matches t-based P; four primary weighted-median SE/P rerun with fixed seeds and 5000 bootstraps; point estimates unchanged
ieu-b-142,finn-b-M13_LOWBACKPAINORANDSCIATICA,Lower back pain or/and sciatica || id:finn-b-M13_LOWBACKPAINORANDSCIATICA,Cigarettes smoked per day || id:ieu-b-142,Inverse variance weighted,23,0.0486956446802535,0.0542398618439309,0.369301064788344,Pain,Lower back pain or/and sciatica,exploratory,Larger FinnGen symptomatic composite; interpret cautiously because it combines pain and radicular phenotypes,1.04990075922653,0.9440156533266606,1.1676624220583924,Cigarettes smoked per day,03_cigarettes_smoked_per_day,Retained descriptive analysis; not an independent replication,,,normal,Egger CI matches t-based P; four primary weighted-median SE/P rerun with fixed seeds and 5000 bootstraps; point estimates unchanged
ieu-b-142,finn-b-M13_LOWBACKPAINORANDSCIATICA,Lower back pain or/and sciatica || id:finn-b-M13_LOWBACKPAINORANDSCIATICA,Cigarettes smoked per day || id:ieu-b-142,Simple mode,23,0.0117092111582524,0.0935088642704839,0.901486342892276,Pain,Lower back pain or/and sciatica,exploratory,Larger FinnGen symptomatic composite; interpret cautiously because it combines pain and radicular phenotypes,1.01177803232277,0.8423456864232746,1.2152905905385358,Cigarettes smoked per day,03_cigarettes_smoked_per_day,Retained descriptive analysis; not an independent replication,,,normal,Egger CI matches t-based P; four primary weighted-median SE/P rerun with fixed seeds and 5000 bootstraps; point estimates unchanged
ieu-b-142,finn-b-M13_LOWBACKPAINORANDSCIATICA,Lower back pain or/and sciatica || id:finn-b-M13_LOWBACKPAINORANDSCIATICA,Cigarettes smoked per day || id:ieu-b-142,Weighted mode,23,-0.0088929318169517,0.375542895574484,0.981321174165743,Pain,Lower back pain or/and sciatica,exploratory,Larger FinnGen symptomatic composite; interpret cautiously because it combines pain and radicular phenotypes,0.991146493346212,0.47476113182966667,2.0691908107274153,Cigarettes smoked per day,03_cigarettes_smoked_per_day,Retained descriptive analysis; not an independent replication,,,normal,Egger CI matches t-based P; four primary weighted-median SE/P rerun with fixed seeds and 5000 bootstraps; point estimates unchanged
ieu-b-142,ieu-a-7,Coronary heart disease || id:ieu-a-7,Cigarettes smoked per day || id:ieu-b-142,MR Egger,23,-0.125242811067445,0.069039790375906,0.0839825321989402,Specificity,Coronary artery disease,specificity,Cardiometabolic specificity boundary for BMI and lipid-related signals,0.882282648582336,0.7642816430819296,1.018502379372229,Cigarettes smoked per day,03_cigarettes_smoked_per_day,Retained descriptive analysis; not an independent replication,,,"Student t, df=nsnp-2",Egger CI matches t-based P; four primary weighted-median SE/P rerun with fixed seeds and 5000 bootstraps; point estimates unchanged
ieu-b-142,ieu-a-7,Coronary heart disease || id:ieu-a-7,Cigarettes smoked per day || id:ieu-b-142,Weighted median,23,-0.0545152654022228,0.0499179683462256,0.274790450970955,Specificity,Coronary artery disease,specificity,Cardiometabolic specificity boundary for BMI and lipid-related signals,0.946944053265634,0.8586853814108034,1.0442742585670703,Cigarettes smoked per day,03_cigarettes_smoked_per_day,Retained descriptive analysis; not an independent replication,,,normal,Egger CI matches t-based P; four primary weighted-median SE/P rerun with fixed seeds and 5000 bootstraps; point estimates unchanged
ieu-b-142,ieu-a-7,Coronary heart disease || id:ieu-a-7,Cigarettes smoked per day || id:ieu-b-142,Inverse variance weighted,23,0.0154666321648462,0.0444848999870958,0.728078456199576,Specificity,Coronary artery disease,specificity,Cardiometabolic specificity boundary for BMI and lipid-related signals,1.01558685955801,0.9307894614380635,1.1081095264157406,Cigarettes smoked per day,03_cigarettes_smoked_per_day,Retained descriptive analysis; not an independent replication,,,normal,Egger CI matches t-based P; four primary weighted-median SE/P rerun with fixed seeds and 5000 bootstraps; point estimates unchanged
ieu-b-142,ieu-a-7,Coronary heart disease || id:ieu-a-7,Cigarettes smoked per day || id:ieu-b-142,Simple mode,23,-0.045026057674172,0.130518784958693,0.733387579098746,Specificity,Coronary artery disease,specificity,Cardiometabolic specificity boundary for BMI and lipid-related signals,0.955972571086768,0.7401975451536748,1.2346481863574843,Cigarettes smoked per day,03_cigarettes_smoked_per_day,Retained descriptive analysis; not an independent replication,,,normal,Egger CI matches t-based P; four primary weighted-median SE/P rerun with fixed seeds and 5000 bootstraps; point estimates unchanged
ieu-b-142,ieu-a-7,Coronary heart disease || id:ieu-a-7,Cigarettes smoked per day || id:ieu-b-142,Weighted mode,23,-0.0534890923797019,0.3626708155676,0.88409127197377,Specificity,Coronary artery disease,specificity,Cardiometabolic specificity boundary for BMI and lipid-related signals,0.947916280458275,0.4656547360936604,1.9296384318898472,Cigarettes smoked per day,03_cigarettes_smoked_per_day,Retained descriptive analysis; not an independent replication,,,normal,Egger CI matches t-based P; four primary weighted-median SE/P rerun with fixed seeds and 5000 bootstraps; point estimates unchanged
