path,bytes,sha256
.gitattributes,70,849cd392fb9bb09f6927e560184dde38605c5c0836b9dbc401f354b9ba38cc12
analysis/MVMR_repaired_covariance_grid.csv,4510,4c1444a624e5f7ea0fb1170405418f30e69cd36e2aec3970a6c958d7180e3533
analysis/MVMR_repaired_results.csv,1390,5b53c2a26b0f114bcfc6db53c3a6889e0a1f474f6ab8e7e0527e323911e65927
analysis/primary_I2GX_repaired.csv,340,b715034cc51af217eb89f943576206b7660295ad7073c486627b5a58cc1dc8f3
analysis/weighted_median_primary_fixedseed_5000.csv,511,4de739dffca7901db3b0f8fdcdeb5a87306cb9c286d0592077d857404453afbe
figures/Figure1.pdf,23557,6223e8deeef77ac580a8fd5b36b67e7769717a7f5e6df2d4cf1004b6cd0fb8e1
figures/Figure1.png,235747,0b636b8966d12eee826d838d878280545aa98897b16848f0dc8e971094f02942
figures/Figure1.svg,7826,ce22e533911096206f6f1ea58aab3a987c46a0acf84a549e2272795df45e9d57
figures/Figure2.pdf,20528,95d54efadcf2849f1101602ec28f84aef75a1e9625668411bae64339b08bfa34
figures/Figure2.png,123380,9ba8b0e4d6f0e66e9fcdde1eb44645df244eb7eac02e96a083802991f86ceb47
figures/Figure2.svg,24812,18e471f1e47b09626a776c213ede2571b7f2e6037aac3ed21e81442152ae7bcd
figures/Figure3.pdf,15921,9c3eb66b6ed09875d7cdef8180e005407b2597964ea178514d93a5e5a0f2d43e
figures/Figure3.png,155504,623762a4154a04cd120bc0ca5e3f9bf821b223fc8dcfeeb233aab3ff74e80513
figures/Figure3.svg,20236,cdb9609970629d78983bfb3b1c763e138a3351f1b0fe8eb5aaf747fae2803a14
figures/Figure4.pdf,24244,fed326830d3663cfd21585c75e4f5bfb5b31e50199bf492a503ea01fe951ad22
figures/Figure4.png,177932,2407c7bd89fa93346d029272ae752f58d392cb86fd879ecc135df070eb2422af
figures/Figure4.svg,29220,20519225326b0bd52fc3e85a9b11879f4aaa78de3ba19ec06586bff1bce50b79
figures/figure_source_manifest.json,450,88d6281e6ecf63401d3741238fc75e145f1c66b486656945e03c4036c7ff75e8
qa/conditional_F_independent_R_validation.csv,5289,0071ed06575a422570be1b02df4b23810a5d3a1625d1cef365d6c4ecf4341bff
qa/conditional_F_R_session.txt,659,97018eb79ade526b94afbdb511f1fa389da90ececb778197c1a1d7ed368d1da3
qa/MVMR_base_R_independent_validation.csv,612,dcde2ef0aabd51ceef5096b5e31b37d56f5f4e8c71145578c6cdde393367a9e9
qa/numerical_python_full_versions.json,333,6c61550019107f716d07cb8be0f30b64874aa20494784ffe35675524b6b0806d
qa/repair_R_validation_session.txt,747,d98f4a6f3be89197d37063050e963bb02078447f59a9d75e53ab6445d3922909
README.md,4266,9c83ed0160de0dc9799488996bd6ede57fbec3c118b3e4429000bde8f47ae30f
requirements-figures.txt,49,98a4bb5eeb50543f1d94e988a8f282153cd0d09d23d2908e2d3f84d97d5d85ba
scripts/build_figures.py,6748,826ec11315ef8c04f6ce6e1b597136b4115422424adfb67b1ce75cfdbaa614e9
scripts/verify_public_revision.py,2354,17d5a28f160839031ca52ecb3281d4f9863bd4e5bf22b74a80d10f333d58d5c9
supplementary/Supplementary_Table_S10_alternative_adiposity_and_UKB_body_composition_sensitivity.csv,8720,fc69ac2e193f5343272b14d0e9cd0ae32dc7adc18b0ac54db030d4d1b6dcfae5
supplementary/Supplementary_Table_S13_BMI_Steiger_prevalence_sensitivity.csv,3189,201213469456748415b9a5f9ce6027f632bbc089b2a4930f44d269d45b476863
supplementary/Supplementary_Table_S14_power_I2GX_NOME_primary_pairs.csv,1049,0d8f8eca66ba932eb610e990927bc4573797bc497527839d825cf818fb82e84c
supplementary/Supplementary_Table_S18_overlap_sensitivity_withdrawal.csv,301,369b7f5c7959fe3854240fd5b3ac2f07d0d73e66c7043151ff0f0e88fcc1ab3e
supplementary/Supplementary_Table_S19_MVMR_repaired_results.csv,1370,7c1a73c2ece8111a4d8530f0f60fb18797668493257bb9587ce33b8deabbc4eb
supplementary/Supplementary_Table_S21_MRlap_withdrawal_status.csv,1727,7a0a26fe5ce15586d9ec58f49049254fff91ea5e5ce1b9927243b420e1c499ab
supplementary/Supplementary_Table_S27_MVMR_covariance_sensitivity.csv,4506,711b3f9a3e7f4d2bc6f334696b007526357ef9c2049ebc7a9b022789dccfa0d9
supplementary/Supplementary_Table_S3_full_MR_results_all_estimators.csv,57323,67b3df0f3812fff5bf0401a7f396368c789bb1d9d8f35c3e0af09f133b5de0cb
supplementary/Supplementary_Table_S7_MRPRESSO_global_and_flag_audit.csv,1290,8a25d66536712aba2db5cef3a0c0aab031934096aba26230b5eae829ddfbb618
supplementary/Supplementary_Table_S8_MRPRESSO_archived_software_estimates.csv,2007,1b615aba8b548ea6291f6186b4acc6042d4911f11cb04f2485234720496410e5
