file,table_id,data_rows,columns,consistent_columns,size_bytes,sha256
Supplementary_Table_S1_GWAS_metadata_and_endpoint_hierarchy.csv,S1,9,13,True,2850,d84b8018200913629f07e3182e9c2640cc95f553843ae4d19f148ac2f6ac7399
Supplementary_Table_S2_endpoint_extraction_and_harmonisation_status.csv,S2,19,13,True,3419,2396a3f21c93de470798e0a94ee4be0dbc81d290ab3bc73459c62bf63e90a4f2
Supplementary_Table_S3_full_MR_results_all_estimators.csv,S3,95,18,True,42607,3d4f76ca285d575916d0750e4252111dfc10b6af40ba6366dca04d0024e8b0db
Supplementary_Table_S4_heterogeneity_results.csv,S4,38,15,True,15442,5f8eaaf222d03d7480580d7ffc8fc8b65dc14b693fdbab9f7b688f474b4c66ca
Supplementary_Table_S5_MR_Egger_intercept_results.csv,S5,19,14,True,7789,5a37852ee8c835b0ddb7b91a1c873951f28a0651e202728ad53e7f345d8e0acc
Supplementary_Table_S6_Steiger_directionality_results.csv,S6,13,14,True,3936,adaac937ffb878fa57ec01c6a7e7f8754c9e7056225cb007f31eaf4c390d03c3
Supplementary_Table_S7_MRPRESSO_primary_structural_summary.csv,S7,4,11,True,784,6e5aa050e4cac281287c0d344a94e2601d1ae62871d782188e7ab5b036a15ea9
Supplementary_Table_S8_MRPRESSO_primary_structural_main_results.csv,S8,8,10,True,1700,762346cd7a7d7a9e3beaf58dc754be0d40e487d9b190d73fca31503b71c2827a
Supplementary_Table_S9_cigarettes_per_day_IVW_sensitivity.csv,S9,6,16,True,2712,b35b23ad6d76b7aaea3432b358621bcb43548ad18d013fed8f7d28b4c2fc7423
Supplementary_Table_S10_alternative_adiposity_and_UKB_body_composition_sensitivity.csv,S10,14,17,True,5734,0f014e9fc8e391ef80978e77d12cc19ffc2fbdc4a139a6ff7dcf74401141f412
Supplementary_Table_S11_reverse_MR_structural_to_BMI_smoking.csv,S11,4,8,True,1430,17964bad03879d0fe2a3c148f02ca0f72861a69e3ba09a9c42b84a6c3093f1b9
Supplementary_Table_S12_FinnGen_endpoint_definitions.csv,S12,5,15,True,2323,9d899f101da3349975723cc544d12466f5fcaaa2bad9878ada2cc321dd00a508
Supplementary_Table_S13_formal_binary_steiger_primary_pairs.csv,S13,4,15,True,1916,6e698e45894e5e06d6d5dd0c6ec119ad34397bfaca3c4e16243f1a07cd85c93c
Supplementary_Table_S14_power_I2GX_NOME_primary_pairs.csv,S14,4,16,True,1729,54988d8f8539d98654254fd42183c90e0fafc0e81b73791bf76c17d77791c0cc
Supplementary_Table_S15_leave_one_out_primary_pairs.csv,S15,4,18,True,1789,170864d51c860213b5baa88cb3edd004522cb4fb9d6a34dc8f73d5bcf4913cf2
Supplementary_Table_S16_MVMR_BMI_smoking_feasibility_audit.csv,S16,2,12,True,1231,93e995aac3141a989cbe39777bcc7d91ab86b85b15e78649780c6a52ccedd255
Supplementary_Table_S16B_MVMR_required_union_SNP_extraction_template.csv,S16B,594,8,True,98319,f6a4ebbf01647d529bcab474da05d17157226748ad1c516ddb2603c55229cfbf
Supplementary_Table_S17_primary_sample_overlap_matrix.csv,S17,4,11,True,1209,813309c27ddc181bfa33f331f0cdc8b62530a57171d491490e38595d224b3a10
Supplementary_Table_S18_sample_overlap_bias_boundary_scenarios.csv,S18,28,14,True,10746,742efbd0981c9342cef2aaf82f0c2669632f55125de31e973ee9246f316337ac
Supplementary_Table_S19_MVMR_BMI_smoking_primary_results.csv,S19,4,12,True,1770,e295f03802a44da66b969d0dfb48d2238efd1f378d7ccd381ede1e4fde4126e3
Supplementary_Table_S20_MVMR_BMI_smoking_harmonisation_QC.csv,S20,2,10,True,705,94025d346a5b8698dfc4d4033c7acce9bf12596a480d816fa9268531b8e07d5e
Supplementary_Table_S21_MRlap_primary_pairs.csv,S21,4,18,True,2366,b07e7a64d2f1f506fcf170a1876ad6a9dd931c88bdea664f2f99ea6c9eaa36d6
Supplementary_Table_S22_sex_stratified_MR_feasibility_audit.csv,S22,5,8,True,3402,15d3916af4629f0424a45f7ef565a13de08aea51a1d4f14ec21df58b16979179
Supplementary_Table_S23_GIANT_BMI_sex_specific_exposure_preparation.csv,S23,2,8,True,604,f41506be59768991391a9ccd28c048fa4c5d48b251aa2b10c08c155d93614d55
Supplementary_Table_S24_FinnGen_sex_specific_outcome_request_checklist.csv,S24,3,7,True,1927,02cd4b242805639de3c653a9acafad689a64e06a5f1cec3e2445a127d43ebc07
Supplementary_Table_S25_independent_MRPRESSO_input_manifest.csv,S25,4,17,True,2480,9c947d9ff9ef18e16bc4697720a87e8b70477a57509b23bb7f27072ea8d2c37c
Supplementary_Table_S26_independent_MRPRESSO_rerun_comparison.csv,S26,4,17,True,1518,7e6ffb5505db72b78131c7f0576ab15515e6ba77ce9e211ca694e68cd740d177
Supplementary_Table_S27_MVMR_covariance_sensitivity.csv,S27,36,10,True,10821,f6487010725309b1dbf4f098e3c08aadd2e3cd2a94dd3e013ba41ca66e3edc93
Supplementary_Table_S28_data_access_and_identifiability_constraints.csv,S28,4,9,True,4354,1860b0b4f668dc52a2912f7eb5dcbd775a3c1cb01f4b952ae687fad616cc5d50
