"id.exposure","id.outcome","outcome","exposure","egger_intercept","se","pval","domain","endpoint_label","priority","rationale","exposure_run","run_folder","outcome_id_from_file"
"ieu-b-40","finn-b-M13_INTERVERTEB","Other intervertebral disc disorders || id:finn-b-M13_INTERVERTEB","body mass index || id:ieu-b-40",-0.000105374606123042,0.00177172100596192,0.952597960059219,"Disc","Other intervertebral disc disorders / intervertebral disc degeneration","primary","Most direct structural degenerative-spine endpoint; FinnGen registry source reduces UKB sample-overlap risk","BMI","01_bmi","finn_b_M13_INTERVERTEB"
"ieu-b-40","finn-b-M13_LOWBACKPAIN","Low back pain || id:finn-b-M13_LOWBACKPAIN","body mass index || id:ieu-b-40",0.000430258571804117,0.00207503763630302,0.83582501434142,"Pain","Low back pain","secondary","FinnGen low-back-pain endpoint is clinically useful but less structural than IVDD or stenosis","BMI","01_bmi","finn_b_M13_LOWBACKPAIN"
"ieu-b-40","finn-b-M13_LOWBACKPAINORANDSCIATICA","Lower back pain or/and sciatica || id:finn-b-M13_LOWBACKPAINORANDSCIATICA","body mass index || id:ieu-b-40",0.00228106812149389,0.00171634518269126,0.184473267599135,"Pain","Lower back pain or/and sciatica","exploratory","Larger FinnGen symptomatic composite; interpret cautiously because it combines pain and radicular phenotypes","BMI","01_bmi","finn_b_M13_LOWBACKPAINORANDSCIATICA"
"ieu-b-40","finn-b-M13_SCIATICA","Siatica+with lumbago || id:finn-b-M13_SCIATICA","body mass index || id:ieu-b-40",0.00473749983981203,0.00231820534430688,0.0415400935300807,"Radicular","Sciatica with lumbago","secondary","Radicular symptom endpoint; useful to test whether signals extend from structural degeneration to nerve-root symptoms","BMI","01_bmi","finn_b_M13_SCIATICA"
"ieu-b-40","finn-b-M13_SPINSTENOSIS","Spinal stenosis || id:finn-b-M13_SPINSTENOSIS","body mass index || id:ieu-b-40",-0.000688787617036232,0.002413114285125,0.775434428935744,"Stenosis","Spinal stenosis","primary","Clinically specific degenerative spine endpoint with clear surgical relevance","BMI","01_bmi","finn_b_M13_SPINSTENOSIS"
"ieu-b-40","ieu-a-7","Coronary heart disease || id:ieu-a-7","body mass index || id:ieu-b-40",-0.00369980608748958,0.00154442036895398,0.0169754805523211,"Specificity","Coronary artery disease","specificity","Cardiometabolic specificity boundary for BMI and lipid-related signals","BMI","01_bmi","ieu_a_7"
"ieu-b-40","ukb-b-8463","Back pain for 3+ months || id:ukb-b-8463","body mass index || id:ieu-b-40",9.34604869527821e-05,0.000290360645841005,0.747685232522075,"Pain","Back pain for 3+ months","exploratory","Large UKB self-reported chronic back-pain endpoint; do not pair with UKB exposures as a primary analysis","BMI","01_bmi","ukb_b_8463"
"ieu-b-4877","finn-b-M13_INTERVERTEB","Other intervertebral disc disorders || id:finn-b-M13_INTERVERTEB","smoking initiation || id:ieu-b-4877",-0.00392348212620313,0.00879772893131308,0.656783499373023,"Disc","Other intervertebral disc disorders / intervertebral disc degeneration","primary","Most direct structural degenerative-spine endpoint; FinnGen registry source reduces UKB sample-overlap risk","Smoking initiation","02_smoking_initiation","finn_b_M13_INTERVERTEB"
"ieu-b-4877","finn-b-M13_LOWBACKPAIN","Low back pain || id:finn-b-M13_LOWBACKPAIN","smoking initiation || id:ieu-b-4877",-0.000851310313374774,0.0103555105578835,0.93467889489806,"Pain","Low back pain","secondary","FinnGen low-back-pain endpoint is clinically useful but less structural than IVDD or stenosis","Smoking initiation","02_smoking_initiation","finn_b_M13_LOWBACKPAIN"
"ieu-b-4877","finn-b-M13_LOWBACKPAINORANDSCIATICA","Lower back pain or/and sciatica || id:finn-b-M13_LOWBACKPAINORANDSCIATICA","smoking initiation || id:ieu-b-4877",0.00324199178372537,0.00848916530639057,0.703513348834016,"Pain","Lower back pain or/and sciatica","exploratory","Larger FinnGen symptomatic composite; interpret cautiously because it combines pain and radicular phenotypes","Smoking initiation","02_smoking_initiation","finn_b_M13_LOWBACKPAINORANDSCIATICA"
"ieu-b-4877","finn-b-M13_SCIATICA","Siatica+with lumbago || id:finn-b-M13_SCIATICA","smoking initiation || id:ieu-b-4877",0.0162077566073106,0.0114400762811577,0.160297806892437,"Radicular","Sciatica with lumbago","secondary","Radicular symptom endpoint; useful to test whether signals extend from structural degeneration to nerve-root symptoms","Smoking initiation","02_smoking_initiation","finn_b_M13_SCIATICA"
"ieu-b-4877","finn-b-M13_SPINSTENOSIS","Spinal stenosis || id:finn-b-M13_SPINSTENOSIS","smoking initiation || id:ieu-b-4877",-0.00334347871966937,0.0133892716441907,0.803426090584718,"Stenosis","Spinal stenosis","primary","Clinically specific degenerative spine endpoint with clear surgical relevance","Smoking initiation","02_smoking_initiation","finn_b_M13_SPINSTENOSIS"
"ieu-b-4877","ieu-a-7","Coronary heart disease || id:ieu-a-7","smoking initiation || id:ieu-b-4877",0.00278114013123719,0.00666151624417763,0.677382620515688,"Specificity","Coronary artery disease","specificity","Cardiometabolic specificity boundary for BMI and lipid-related signals","Smoking initiation","02_smoking_initiation","ieu_a_7"
"ieu-b-142","finn-b-M13_INTERVERTEB","Other intervertebral disc disorders || id:finn-b-M13_INTERVERTEB","Cigarettes smoked per day || id:ieu-b-142",0.0224145543941431,0.00663978941090481,0.00285571774958641,"Disc","Other intervertebral disc disorders / intervertebral disc degeneration","primary","Most direct structural degenerative-spine endpoint; FinnGen registry source reduces UKB sample-overlap risk","Cigarettes smoked per day","03_cigarettes_smoked_per_day","finn_b_M13_INTERVERTEB"
"ieu-b-142","finn-b-M13_LOWBACKPAIN","Low back pain || id:finn-b-M13_LOWBACKPAIN","Cigarettes smoked per day || id:ieu-b-142",0.016065514836363,0.00759314222163803,0.0464806278032557,"Pain","Low back pain","secondary","FinnGen low-back-pain endpoint is clinically useful but less structural than IVDD or stenosis","Cigarettes smoked per day","03_cigarettes_smoked_per_day","finn_b_M13_LOWBACKPAIN"
"ieu-b-142","finn-b-M13_LOWBACKPAINORANDSCIATICA","Lower back pain or/and sciatica || id:finn-b-M13_LOWBACKPAINORANDSCIATICA","Cigarettes smoked per day || id:ieu-b-142",0.0137730184321751,0.00550586652480114,0.0207102717162133,"Pain","Lower back pain or/and sciatica","exploratory","Larger FinnGen symptomatic composite; interpret cautiously because it combines pain and radicular phenotypes","Cigarettes smoked per day","03_cigarettes_smoked_per_day","finn_b_M13_LOWBACKPAINORANDSCIATICA"
"ieu-b-142","finn-b-M13_SCIATICA","Siatica+with lumbago || id:finn-b-M13_SCIATICA","Cigarettes smoked per day || id:ieu-b-142",0.0108781595656944,0.00687814036025773,0.128696322676419,"Radicular","Sciatica with lumbago","secondary","Radicular symptom endpoint; useful to test whether signals extend from structural degeneration to nerve-root symptoms","Cigarettes smoked per day","03_cigarettes_smoked_per_day","finn_b_M13_SCIATICA"
"ieu-b-142","finn-b-M13_SPINSTENOSIS","Spinal stenosis || id:finn-b-M13_SPINSTENOSIS","Cigarettes smoked per day || id:ieu-b-142",0.0291570793781308,0.00789476124108298,0.00134966755492949,"Stenosis","Spinal stenosis","primary","Clinically specific degenerative spine endpoint with clear surgical relevance","Cigarettes smoked per day","03_cigarettes_smoked_per_day","finn_b_M13_SPINSTENOSIS"
"ieu-b-142","ieu-a-7","Coronary heart disease || id:ieu-a-7","Cigarettes smoked per day || id:ieu-b-142",0.0108922789640642,0.00435751555888613,0.0207938243581616,"Specificity","Coronary artery disease","specificity","Cardiometabolic specificity boundary for BMI and lipid-related signals","Cigarettes smoked per day","03_cigarettes_smoked_per_day","ieu_a_7"
