"exposure","run_folder","domain","endpoint_label","opengwas_id","status","nsnp","correct_snp_n","correct_snp_fraction","r2_exposure_sum","r2_outcome_sum","steiger_pval","method_note","official_error"
"BMI","01_bmi","Disc","Other intervertebral disc disorders / intervertebral disc degeneration","finn-b-M13_INTERVERTEB","ok_approximate_tstat_direction",480,480,1,NA,NA,3.20333295229299e-145,"Approximate directionality using beta/se-derived t-statistics because sample sizes were unavailable.","replacement has length zero"
"BMI","01_bmi","Pain","Low back pain","finn-b-M13_LOWBACKPAIN","ok_approximate_tstat_direction",480,480,1,NA,NA,3.20333295229299e-145,"Approximate directionality using beta/se-derived t-statistics because sample sizes were unavailable.","replacement has length zero"
"BMI","01_bmi","Pain","Lower back pain or/and sciatica","finn-b-M13_LOWBACKPAINORANDSCIATICA","ok_approximate_tstat_direction",480,480,1,NA,NA,3.20333295229299e-145,"Approximate directionality using beta/se-derived t-statistics because sample sizes were unavailable.","replacement has length zero"
"BMI","01_bmi","Radicular","Sciatica with lumbago","finn-b-M13_SCIATICA","ok_approximate_tstat_direction",480,480,1,NA,NA,3.20333295229299e-145,"Approximate directionality using beta/se-derived t-statistics because sample sizes were unavailable.","replacement has length zero"
"BMI","01_bmi","Stenosis","Spinal stenosis","finn-b-M13_SPINSTENOSIS","ok_approximate_tstat_direction",480,480,1,NA,NA,3.20333295229299e-145,"Approximate directionality using beta/se-derived t-statistics because sample sizes were unavailable.","replacement has length zero"
"BMI","01_bmi","Specificity","Coronary artery disease","ieu-a-7","ok_twosamplemr_directionality_test",482,NA,NA,0.0477506793171928,0.00520349212227674,0,"TwoSampleMR directionality_test; correct_causal_direction=TRUE",NA
"BMI","01_bmi","Pain","Back pain for 3+ months","ukb-b-8463","ok_twosamplemr_directionality_test",484,NA,NA,0.0479092649307965,0.0058542323883506,0,"TwoSampleMR directionality_test; correct_causal_direction=TRUE",NA
"Smoking initiation","02_smoking_initiation","Disc","Other intervertebral disc disorders / intervertebral disc degeneration","finn-b-M13_INTERVERTEB","ok_approximate_tstat_direction",85,85,1,NA,NA,2.58493941422822e-26,"Approximate directionality using beta/se-derived t-statistics because sample sizes were unavailable.","replacement has length zero"
"Smoking initiation","02_smoking_initiation","Pain","Low back pain","finn-b-M13_LOWBACKPAIN","ok_approximate_tstat_direction",85,85,1,NA,NA,2.58493941422822e-26,"Approximate directionality using beta/se-derived t-statistics because sample sizes were unavailable.","replacement has length zero"
"Smoking initiation","02_smoking_initiation","Pain","Lower back pain or/and sciatica","finn-b-M13_LOWBACKPAINORANDSCIATICA","ok_approximate_tstat_direction",85,85,1,NA,NA,2.58493941422822e-26,"Approximate directionality using beta/se-derived t-statistics because sample sizes were unavailable.","replacement has length zero"
"Smoking initiation","02_smoking_initiation","Radicular","Sciatica with lumbago","finn-b-M13_SCIATICA","ok_approximate_tstat_direction",85,85,1,NA,NA,2.58493941422822e-26,"Approximate directionality using beta/se-derived t-statistics because sample sizes were unavailable.","replacement has length zero"
"Smoking initiation","02_smoking_initiation","Stenosis","Spinal stenosis","finn-b-M13_SPINSTENOSIS","ok_approximate_tstat_direction",85,85,1,NA,NA,2.58493941422822e-26,"Approximate directionality using beta/se-derived t-statistics because sample sizes were unavailable.","replacement has length zero"
"Smoking initiation","02_smoking_initiation","Specificity","Coronary artery disease","ieu-a-7","ok_twosamplemr_directionality_test",86,NA,NA,0.0057042631472269,0.000766813654053176,2.06751071035332e-73,"TwoSampleMR directionality_test; correct_causal_direction=TRUE",NA
