section,tier_or_role,construct,trait,opengwas_id,source_or_consortium,ancestry_or_population,sample_size,cases,controls,endpoint_or_exposure_type,sample_overlap_handling,manuscript_use
Exposure,Primary exposure,Adiposity,Body mass index,ieu-b-40,GIANT,European,681275,NA,NA,Modifiable risk factor,Non-FinnGen; preferred with FinnGen outcomes,Main adiposity exposure
Exposure,Primary exposure,Smoking,Smoking initiation,ieu-b-4877,GSCAN,European,607291,NA,NA,Modifiable risk factor,Non-FinnGen; preferred with FinnGen outcomes,Main smoking-liability exposure
Outcome,1. Structural primary,Structural degeneration,Other intervertebral disc disorders / intervertebral disc degeneration,finn-b-M13_INTERVERTEB,FinnGen,European,184683,20001,164682,Primary outcome,Registry outcome; preferred with non-FinnGen exposures,A signal here can support a structural degenerative-spine inference if direction is consistent and sensitivity analyses are acceptable.
Outcome,1. Structural primary,Structural canal narrowing / degenerative stenosis,Spinal stenosis,finn-b-M13_SPINSTENOSIS,FinnGen,European,173851,9169,164682,Primary outcome,Registry outcome; preferred with non-FinnGen exposures,A signal here can support a clinically specific spine-degeneration inference; compare with IVDD for structural consistency.
Outcome,2. Symptom secondary,Non-specific pain symptom,Low back pain,finn-b-M13_LOWBACKPAIN,FinnGen,European,177860,13178,164682,Secondary outcome,Registry outcome; preferred with non-FinnGen exposures,Use to test whether structural-risk signals extend to pain; do not let isolated pain signals drive the title.
Outcome,2. Symptom secondary,Radicular symptom,Sciatica with lumbago,finn-b-M13_SCIATICA,FinnGen,European,173597,NA,NA,Secondary outcome,Registry outcome; preferred with non-FinnGen exposures,"Interpret as symptom/radicular phenotype, not direct structural degeneration."
Outcome,3. Composite exploratory,Composite pain/radicular symptom,Lower back pain or/and sciatica,finn-b-M13_LOWBACKPAINORANDSCIATICA,FinnGen,European,218792,19509,199283,Exploratory outcome,Registry outcome; preferred with non-FinnGen exposures,Use as a broad symptomatic composite; supportive only when primary structural outcomes point in the same direction.
Outcome,4. UKB sensitivity,Self-reported chronic back pain,Back pain for 3+ months,ukb-b-8463,MRC-IEU UK Biobank,European,117404,80588,36816,Sensitivity outcome,High overlap risk with UKB exposures,Never pair with UKB-derived exposures as a primary result; use only as cross-source sensitivity for non-UKB exposures.
Outcome,5. Specificity boundary,Cardiovascular disease,Coronary artery disease,ieu-a-7,CARDIoGRAMplusC4D,Mixed,184305,60801,123504,Specificity control,Low overlap concern,Use to show whether metabolic/lifestyle instruments produce broad cardiometabolic effects beyond spine endpoints.
