"id.exposure","id.outcome","outcome","exposure","method","Q","Q_df","Q_pval","domain","endpoint_label","priority","rationale","exposure_run","run_folder","outcome_id_from_file"
"ieu-b-40","finn-b-M13_INTERVERTEB","Other intervertebral disc disorders || id:finn-b-M13_INTERVERTEB","body mass index || id:ieu-b-40","MR Egger",636.278919872269,478,1.5497031027599e-06,"Disc","Other intervertebral disc disorders / intervertebral disc degeneration","primary","Most direct structural degenerative-spine endpoint; FinnGen registry source reduces UKB sample-overlap risk","BMI","01_bmi","finn_b_M13_INTERVERTEB"
"ieu-b-40","finn-b-M13_INTERVERTEB","Other intervertebral disc disorders || id:finn-b-M13_INTERVERTEB","body mass index || id:ieu-b-40","Inverse variance weighted",636.283628570934,479,1.79821690808037e-06,"Disc","Other intervertebral disc disorders / intervertebral disc degeneration","primary","Most direct structural degenerative-spine endpoint; FinnGen registry source reduces UKB sample-overlap risk","BMI","01_bmi","finn_b_M13_INTERVERTEB"
"ieu-b-40","finn-b-M13_LOWBACKPAIN","Low back pain || id:finn-b-M13_LOWBACKPAIN","body mass index || id:ieu-b-40","MR Egger",643.586010779855,478,5.89568448544993e-07,"Pain","Low back pain","secondary","FinnGen low-back-pain endpoint is clinically useful but less structural than IVDD or stenosis","BMI","01_bmi","finn_b_M13_LOWBACKPAIN"
"ieu-b-40","finn-b-M13_LOWBACKPAIN","Low back pain || id:finn-b-M13_LOWBACKPAIN","body mass index || id:ieu-b-40","Inverse variance weighted",643.643898414629,479,6.82994797904587e-07,"Pain","Low back pain","secondary","FinnGen low-back-pain endpoint is clinically useful but less structural than IVDD or stenosis","BMI","01_bmi","finn_b_M13_LOWBACKPAIN"
"ieu-b-40","finn-b-M13_LOWBACKPAINORANDSCIATICA","Lower back pain or/and sciatica || id:finn-b-M13_LOWBACKPAINORANDSCIATICA","body mass index || id:ieu-b-40","MR Egger",638.200656166036,478,1.20533743211951e-06,"Pain","Lower back pain or/and sciatica","exploratory","Larger FinnGen symptomatic composite; interpret cautiously because it combines pain and radicular phenotypes","BMI","01_bmi","finn_b_M13_LOWBACKPAINORANDSCIATICA"
"ieu-b-40","finn-b-M13_LOWBACKPAINORANDSCIATICA","Lower back pain or/and sciatica || id:finn-b-M13_LOWBACKPAINORANDSCIATICA","body mass index || id:ieu-b-40","Inverse variance weighted",640.558942798586,479,1.02852834285179e-06,"Pain","Lower back pain or/and sciatica","exploratory","Larger FinnGen symptomatic composite; interpret cautiously because it combines pain and radicular phenotypes","BMI","01_bmi","finn_b_M13_LOWBACKPAINORANDSCIATICA"
"ieu-b-40","finn-b-M13_SCIATICA","Siatica+with lumbago || id:finn-b-M13_SCIATICA","body mass index || id:ieu-b-40","MR Egger",565.81483286207,478,0.00342540708009104,"Radicular","Sciatica with lumbago","secondary","Radicular symptom endpoint; useful to test whether signals extend from structural degeneration to nerve-root symptoms","BMI","01_bmi","finn_b_M13_SCIATICA"
"ieu-b-40","finn-b-M13_SCIATICA","Siatica+with lumbago || id:finn-b-M13_SCIATICA","body mass index || id:ieu-b-40","Inverse variance weighted",570.75840690105,479,0.00243744291206565,"Radicular","Sciatica with lumbago","secondary","Radicular symptom endpoint; useful to test whether signals extend from structural degeneration to nerve-root symptoms","BMI","01_bmi","finn_b_M13_SCIATICA"
"ieu-b-40","finn-b-M13_SPINSTENOSIS","Spinal stenosis || id:finn-b-M13_SPINSTENOSIS","body mass index || id:ieu-b-40","MR Egger",572.293479657937,478,0.00192200658698625,"Stenosis","Spinal stenosis","primary","Clinically specific degenerative spine endpoint with clear surgical relevance","BMI","01_bmi","finn_b_M13_SPINSTENOSIS"
"ieu-b-40","finn-b-M13_SPINSTENOSIS","Spinal stenosis || id:finn-b-M13_SPINSTENOSIS","body mass index || id:ieu-b-40","Inverse variance weighted",572.391024830575,479,0.00210416678598694,"Stenosis","Spinal stenosis","primary","Clinically specific degenerative spine endpoint with clear surgical relevance","BMI","01_bmi","finn_b_M13_SPINSTENOSIS"
"ieu-b-40","ieu-a-7","Coronary heart disease || id:ieu-a-7","body mass index || id:ieu-b-40","MR Egger",758.598025784487,480,7.0287043134813e-15,"Specificity","Coronary artery disease","specificity","Cardiometabolic specificity boundary for BMI and lipid-related signals","BMI","01_bmi","ieu_a_7"
"ieu-b-40","ieu-a-7","Coronary heart disease || id:ieu-a-7","body mass index || id:ieu-b-40","Inverse variance weighted",767.667818349548,481,1.60813973789015e-15,"Specificity","Coronary artery disease","specificity","Cardiometabolic specificity boundary for BMI and lipid-related signals","BMI","01_bmi","ieu_a_7"
"ieu-b-40","ukb-b-8463","Back pain for 3+ months || id:ukb-b-8463","body mass index || id:ieu-b-40","MR Egger",647.305779303151,482,6.65452626210272e-07,"Pain","Back pain for 3+ months","exploratory","Large UKB self-reported chronic back-pain endpoint; do not pair with UKB exposures as a primary analysis","BMI","01_bmi","ukb_b_8463"
"ieu-b-40","ukb-b-8463","Back pain for 3+ months || id:ukb-b-8463","body mass index || id:ieu-b-40","Inverse variance weighted",647.444916425761,483,7.61704513655113e-07,"Pain","Back pain for 3+ months","exploratory","Large UKB self-reported chronic back-pain endpoint; do not pair with UKB exposures as a primary analysis","BMI","01_bmi","ukb_b_8463"
"ieu-b-4877","finn-b-M13_INTERVERTEB","Other intervertebral disc disorders || id:finn-b-M13_INTERVERTEB","smoking initiation || id:ieu-b-4877","MR Egger",126.874625362946,83,0.00138862301616293,"Disc","Other intervertebral disc disorders / intervertebral disc degeneration","primary","Most direct structural degenerative-spine endpoint; FinnGen registry source reduces UKB sample-overlap risk","Smoking initiation","02_smoking_initiation","finn_b_M13_INTERVERTEB"
"ieu-b-4877","finn-b-M13_INTERVERTEB","Other intervertebral disc disorders || id:finn-b-M13_INTERVERTEB","smoking initiation || id:ieu-b-4877","Inverse variance weighted",127.178643073404,84,0.00165691911549116,"Disc","Other intervertebral disc disorders / intervertebral disc degeneration","primary","Most direct structural degenerative-spine endpoint; FinnGen registry source reduces UKB sample-overlap risk","Smoking initiation","02_smoking_initiation","finn_b_M13_INTERVERTEB"
"ieu-b-4877","finn-b-M13_LOWBACKPAIN","Low back pain || id:finn-b-M13_LOWBACKPAIN","smoking initiation || id:ieu-b-4877","MR Egger",129.811210084682,83,0.000781824804449806,"Pain","Low back pain","secondary","FinnGen low-back-pain endpoint is clinically useful but less structural than IVDD or stenosis","Smoking initiation","02_smoking_initiation","finn_b_M13_LOWBACKPAIN"
"ieu-b-4877","finn-b-M13_LOWBACKPAIN","Low back pain || id:finn-b-M13_LOWBACKPAIN","smoking initiation || id:ieu-b-4877","Inverse variance weighted",129.821779886976,84,0.00099647465551382,"Pain","Low back pain","secondary","FinnGen low-back-pain endpoint is clinically useful but less structural than IVDD or stenosis","Smoking initiation","02_smoking_initiation","finn_b_M13_LOWBACKPAIN"
"ieu-b-4877","finn-b-M13_LOWBACKPAINORANDSCIATICA","Lower back pain or/and sciatica || id:finn-b-M13_LOWBACKPAINORANDSCIATICA","smoking initiation || id:ieu-b-4877","MR Egger",126.275478117479,83,0.00155764578863524,"Pain","Lower back pain or/and sciatica","exploratory","Larger FinnGen symptomatic composite; interpret cautiously because it combines pain and radicular phenotypes","Smoking initiation","02_smoking_initiation","finn_b_M13_LOWBACKPAINORANDSCIATICA"
"ieu-b-4877","finn-b-M13_LOWBACKPAINORANDSCIATICA","Lower back pain or/and sciatica || id:finn-b-M13_LOWBACKPAINORANDSCIATICA","smoking initiation || id:ieu-b-4877","Inverse variance weighted",126.497366603993,84,0.00188420804039496,"Pain","Lower back pain or/and sciatica","exploratory","Larger FinnGen symptomatic composite; interpret cautiously because it combines pain and radicular phenotypes","Smoking initiation","02_smoking_initiation","finn_b_M13_LOWBACKPAINORANDSCIATICA"
"ieu-b-4877","finn-b-M13_SCIATICA","Siatica+with lumbago || id:finn-b-M13_SCIATICA","smoking initiation || id:ieu-b-4877","MR Egger",111.398615418594,83,0.0204822651826449,"Radicular","Sciatica with lumbago","secondary","Radicular symptom endpoint; useful to test whether signals extend from structural degeneration to nerve-root symptoms","Smoking initiation","02_smoking_initiation","finn_b_M13_SCIATICA"
"ieu-b-4877","finn-b-M13_SCIATICA","Siatica+with lumbago || id:finn-b-M13_SCIATICA","smoking initiation || id:ieu-b-4877","Inverse variance weighted",114.092566296986,84,0.0161333732797393,"Radicular","Sciatica with lumbago","secondary","Radicular symptom endpoint; useful to test whether signals extend from structural degeneration to nerve-root symptoms","Smoking initiation","02_smoking_initiation","finn_b_M13_SCIATICA"
"ieu-b-4877","finn-b-M13_SPINSTENOSIS","Spinal stenosis || id:finn-b-M13_SPINSTENOSIS","smoking initiation || id:ieu-b-4877","MR Egger",142.60774986557,83,5.19921066226624e-05,"Stenosis","Spinal stenosis","primary","Clinically specific degenerative spine endpoint with clear surgical relevance","Smoking initiation","02_smoking_initiation","finn_b_M13_SPINSTENOSIS"
"ieu-b-4877","finn-b-M13_SPINSTENOSIS","Spinal stenosis || id:finn-b-M13_SPINSTENOSIS","smoking initiation || id:ieu-b-4877","Inverse variance weighted",142.714889030341,84,6.77541591918116e-05,"Stenosis","Spinal stenosis","primary","Clinically specific degenerative spine endpoint with clear surgical relevance","Smoking initiation","02_smoking_initiation","finn_b_M13_SPINSTENOSIS"
"ieu-b-4877","ieu-a-7","Coronary heart disease || id:ieu-a-7","smoking initiation || id:ieu-b-4877","MR Egger",108.847854853484,84,0.035501494794219,"Specificity","Coronary artery disease","specificity","Cardiometabolic specificity boundary for BMI and lipid-related signals","Smoking initiation","02_smoking_initiation","ieu_a_7"
"ieu-b-4877","ieu-a-7","Coronary heart disease || id:ieu-a-7","smoking initiation || id:ieu-b-4877","Inverse variance weighted",109.073715282993,85,0.0403852354713841,"Specificity","Coronary artery disease","specificity","Cardiometabolic specificity boundary for BMI and lipid-related signals","Smoking initiation","02_smoking_initiation","ieu_a_7"
"ieu-b-142","finn-b-M13_INTERVERTEB","Other intervertebral disc disorders || id:finn-b-M13_INTERVERTEB","Cigarettes smoked per day || id:ieu-b-142","MR Egger",37.5723861936631,21,0.0144574373196754,"Disc","Other intervertebral disc disorders / intervertebral disc degeneration","primary","Most direct structural degenerative-spine endpoint; FinnGen registry source reduces UKB sample-overlap risk","Cigarettes smoked per day","03_cigarettes_smoked_per_day","finn_b_M13_INTERVERTEB"
"ieu-b-142","finn-b-M13_INTERVERTEB","Other intervertebral disc disorders || id:finn-b-M13_INTERVERTEB","Cigarettes smoked per day || id:ieu-b-142","Inverse variance weighted",57.9616286829154,22,4.45172860657342e-05,"Disc","Other intervertebral disc disorders / intervertebral disc degeneration","primary","Most direct structural degenerative-spine endpoint; FinnGen registry source reduces UKB sample-overlap risk","Cigarettes smoked per day","03_cigarettes_smoked_per_day","finn_b_M13_INTERVERTEB"
"ieu-b-142","finn-b-M13_LOWBACKPAIN","Low back pain || id:finn-b-M13_LOWBACKPAIN","Cigarettes smoked per day || id:ieu-b-142","MR Egger",36.3807880046147,21,0.0198062478023862,"Pain","Low back pain","secondary","FinnGen low-back-pain endpoint is clinically useful but less structural than IVDD or stenosis","Cigarettes smoked per day","03_cigarettes_smoked_per_day","finn_b_M13_LOWBACKPAIN"
"ieu-b-142","finn-b-M13_LOWBACKPAIN","Low back pain || id:finn-b-M13_LOWBACKPAIN","Cigarettes smoked per day || id:ieu-b-142","Inverse variance weighted",44.136095696491,22,0.00341021819610068,"Pain","Low back pain","secondary","FinnGen low-back-pain endpoint is clinically useful but less structural than IVDD or stenosis","Cigarettes smoked per day","03_cigarettes_smoked_per_day","finn_b_M13_LOWBACKPAIN"
"ieu-b-142","finn-b-M13_LOWBACKPAINORANDSCIATICA","Lower back pain or/and sciatica || id:finn-b-M13_LOWBACKPAINORANDSCIATICA","Cigarettes smoked per day || id:ieu-b-142","MR Egger",27.6284943679596,21,0.1510055471435,"Pain","Lower back pain or/and sciatica","exploratory","Larger FinnGen symptomatic composite; interpret cautiously because it combines pain and radicular phenotypes","Cigarettes smoked per day","03_cigarettes_smoked_per_day","finn_b_M13_LOWBACKPAINORANDSCIATICA"
"ieu-b-142","finn-b-M13_LOWBACKPAINORANDSCIATICA","Lower back pain or/and sciatica || id:finn-b-M13_LOWBACKPAINORANDSCIATICA","Cigarettes smoked per day || id:ieu-b-142","Inverse variance weighted",35.861242391656,22,0.0314220767341747,"Pain","Lower back pain or/and sciatica","exploratory","Larger FinnGen symptomatic composite; interpret cautiously because it combines pain and radicular phenotypes","Cigarettes smoked per day","03_cigarettes_smoked_per_day","finn_b_M13_LOWBACKPAINORANDSCIATICA"
"ieu-b-142","finn-b-M13_SCIATICA","Siatica+with lumbago || id:finn-b-M13_SCIATICA","Cigarettes smoked per day || id:ieu-b-142","MR Egger",14.9710207503899,21,0.824403095438449,"Radicular","Sciatica with lumbago","secondary","Radicular symptom endpoint; useful to test whether signals extend from structural degeneration to nerve-root symptoms","Cigarettes smoked per day","03_cigarettes_smoked_per_day","finn_b_M13_SCIATICA"
"ieu-b-142","finn-b-M13_SCIATICA","Siatica+with lumbago || id:finn-b-M13_SCIATICA","Cigarettes smoked per day || id:ieu-b-142","Inverse variance weighted",17.4723380207218,22,0.736774884011771,"Radicular","Sciatica with lumbago","secondary","Radicular symptom endpoint; useful to test whether signals extend from structural degeneration to nerve-root symptoms","Cigarettes smoked per day","03_cigarettes_smoked_per_day","finn_b_M13_SCIATICA"
"ieu-b-142","finn-b-M13_SPINSTENOSIS","Spinal stenosis || id:finn-b-M13_SPINSTENOSIS","Cigarettes smoked per day || id:ieu-b-142","MR Egger",25.8467566487584,21,0.212352575211361,"Stenosis","Spinal stenosis","primary","Clinically specific degenerative spine endpoint with clear surgical relevance","Cigarettes smoked per day","03_cigarettes_smoked_per_day","finn_b_M13_SPINSTENOSIS"
"ieu-b-142","finn-b-M13_SPINSTENOSIS","Spinal stenosis || id:finn-b-M13_SPINSTENOSIS","Cigarettes smoked per day || id:ieu-b-142","Inverse variance weighted",42.6346730124635,22,0.00523230344602466,"Stenosis","Spinal stenosis","primary","Clinically specific degenerative spine endpoint with clear surgical relevance","Cigarettes smoked per day","03_cigarettes_smoked_per_day","finn_b_M13_SPINSTENOSIS"
"ieu-b-142","ieu-a-7","Coronary heart disease || id:ieu-a-7","Cigarettes smoked per day || id:ieu-b-142","MR Egger",24.2139006466277,21,0.282810271310501,"Specificity","Coronary artery disease","specificity","Cardiometabolic specificity boundary for BMI and lipid-related signals","Cigarettes smoked per day","03_cigarettes_smoked_per_day","ieu_a_7"
"ieu-b-142","ieu-a-7","Coronary heart disease || id:ieu-a-7","Cigarettes smoked per day || id:ieu-b-142","Inverse variance weighted",31.4184211164049,22,0.087866097688254,"Specificity","Coronary artery disease","specificity","Cardiometabolic specificity boundary for BMI and lipid-related signals","Cigarettes smoked per day","03_cigarettes_smoked_per_day","ieu_a_7"
