"domain","endpoint_label","opengwas_id","priority","trait","sample_size","nsnp_info","info_ok","raw_outcome_n","harmonised_n","status","exposure_run","run_folder"
"Disc","Other intervertebral disc disorders / intervertebral disc degeneration","finn-b-M13_INTERVERTEB","primary","Other intervertebral disc disorders",NA,16380337,TRUE,500,480,"ok","BMI","01_bmi"
"Stenosis","Spinal stenosis","finn-b-M13_SPINSTENOSIS","primary","Spinal stenosis",NA,16380277,TRUE,500,480,"ok","BMI","01_bmi"
"Pain","Low back pain","finn-b-M13_LOWBACKPAIN","secondary","Low back pain",NA,16380287,TRUE,500,480,"ok","BMI","01_bmi"
"Radicular","Sciatica with lumbago","finn-b-M13_SCIATICA","secondary","Siatica+with lumbago",NA,16380337,TRUE,500,480,"ok","BMI","01_bmi"
"Pain","Lower back pain or/and sciatica","finn-b-M13_LOWBACKPAINORANDSCIATICA","exploratory","Lower back pain or/and sciatica",NA,16380466,TRUE,500,480,"ok","BMI","01_bmi"
"Pain","Back pain for 3+ months","ukb-b-8463","exploratory","Back pain for 3+ months",117404,9851867,TRUE,499,484,"ok","BMI","01_bmi"
"Specificity","Coronary artery disease","ieu-a-7","specificity","Coronary heart disease",184305,9455779,TRUE,499,482,"ok","BMI","01_bmi"
"Disc","Other intervertebral disc disorders / intervertebral disc degeneration","finn-b-M13_INTERVERTEB","primary","Other intervertebral disc disorders",NA,16380337,TRUE,92,85,"ok","Smoking initiation","02_smoking_initiation"
"Stenosis","Spinal stenosis","finn-b-M13_SPINSTENOSIS","primary","Spinal stenosis",NA,16380277,TRUE,92,85,"ok","Smoking initiation","02_smoking_initiation"
"Pain","Low back pain","finn-b-M13_LOWBACKPAIN","secondary","Low back pain",NA,16380287,TRUE,92,85,"ok","Smoking initiation","02_smoking_initiation"
"Radicular","Sciatica with lumbago","finn-b-M13_SCIATICA","secondary","Siatica+with lumbago",NA,16380337,TRUE,92,85,"ok","Smoking initiation","02_smoking_initiation"
"Pain","Lower back pain or/and sciatica","finn-b-M13_LOWBACKPAINORANDSCIATICA","exploratory","Lower back pain or/and sciatica",NA,16380466,TRUE,92,85,"ok","Smoking initiation","02_smoking_initiation"
"Specificity","Coronary artery disease","ieu-a-7","specificity","Coronary heart disease",184305,9455779,TRUE,92,86,"ok","Smoking initiation","02_smoking_initiation"
"Disc","Other intervertebral disc disorders / intervertebral disc degeneration","finn-b-M13_INTERVERTEB","primary","Other intervertebral disc disorders",NA,16380337,TRUE,23,23,"ok","Cigarettes smoked per day","03_cigarettes_smoked_per_day"
"Stenosis","Spinal stenosis","finn-b-M13_SPINSTENOSIS","primary","Spinal stenosis",NA,16380277,TRUE,23,23,"ok","Cigarettes smoked per day","03_cigarettes_smoked_per_day"
"Pain","Low back pain","finn-b-M13_LOWBACKPAIN","secondary","Low back pain",NA,16380287,TRUE,23,23,"ok","Cigarettes smoked per day","03_cigarettes_smoked_per_day"
"Radicular","Sciatica with lumbago","finn-b-M13_SCIATICA","secondary","Siatica+with lumbago",NA,16380337,TRUE,23,23,"ok","Cigarettes smoked per day","03_cigarettes_smoked_per_day"
"Pain","Lower back pain or/and sciatica","finn-b-M13_LOWBACKPAINORANDSCIATICA","exploratory","Lower back pain or/and sciatica",NA,16380466,TRUE,23,23,"ok","Cigarettes smoked per day","03_cigarettes_smoked_per_day"
"Specificity","Coronary artery disease","ieu-a-7","specificity","Coronary heart disease",184305,9455779,TRUE,23,23,"ok","Cigarettes smoked per day","03_cigarettes_smoked_per_day"
