"id.exposure","id.outcome","outcome","exposure","method","nsnp","b","se","pval","domain","endpoint_label","priority","rationale","or","ci95_lower","ci95_upper","exposure_run","run_folder"
"ieu-b-40","finn-b-M13_INTERVERTEB","Other intervertebral disc disorders || id:finn-b-M13_INTERVERTEB","body mass index || id:ieu-b-40","MR Egger",480,0.26887142018302,0.108687011194454,0.0137142478102889,"Disc","Other intervertebral disc disorders / intervertebral disc degeneration","primary","Most direct structural degenerative-spine endpoint; FinnGen registry source reduces UKB sample-overlap risk",1.30848688522532,1.05743364004824,1.61914456280071,"BMI","01_bmi"
"ieu-b-40","finn-b-M13_INTERVERTEB","Other intervertebral disc disorders || id:finn-b-M13_INTERVERTEB","body mass index || id:ieu-b-40","Weighted median",480,0.172767747195556,0.0726905025872419,0.0174655335874424,"Disc","Other intervertebral disc disorders / intervertebral disc degeneration","primary","Most direct structural degenerative-spine endpoint; FinnGen registry source reduces UKB sample-overlap risk",1.18859001965907,1.03075790538774,1.37058976453032,"BMI","01_bmi"
"ieu-b-40","finn-b-M13_INTERVERTEB","Other intervertebral disc disorders || id:finn-b-M13_INTERVERTEB","body mass index || id:ieu-b-40","Inverse variance weighted",480,0.262916246387351,0.0422328279887394,4.80329014268285e-10,"Disc","Other intervertebral disc disorders / intervertebral disc degeneration","primary","Most direct structural degenerative-spine endpoint; FinnGen registry source reduces UKB sample-overlap risk",1.30071777457689,1.19738486977351,1.41296818743023,"BMI","01_bmi"
"ieu-b-40","finn-b-M13_INTERVERTEB","Other intervertebral disc disorders || id:finn-b-M13_INTERVERTEB","body mass index || id:ieu-b-40","Simple mode",480,0.176657953626668,0.326195155981345,0.588365632242493,"Disc","Other intervertebral disc disorders / intervertebral disc degeneration","primary","Most direct structural degenerative-spine endpoint; FinnGen registry source reduces UKB sample-overlap risk",1.19322288575754,0.629591204412296,2.2614370167776,"BMI","01_bmi"
"ieu-b-40","finn-b-M13_INTERVERTEB","Other intervertebral disc disorders || id:finn-b-M13_INTERVERTEB","body mass index || id:ieu-b-40","Weighted mode",480,0.176657953626668,0.466893584379017,0.705324291365356,"Disc","Other intervertebral disc disorders / intervertebral disc degeneration","primary","Most direct structural degenerative-spine endpoint; FinnGen registry source reduces UKB sample-overlap risk",1.19322288575754,0.477852356529653,2.97954134920586,"BMI","01_bmi"
"ieu-b-40","finn-b-M13_SPINSTENOSIS","Spinal stenosis || id:finn-b-M13_SPINSTENOSIS","body mass index || id:ieu-b-40","MR Egger",480,0.522674875680244,0.148082550867146,0.000456419832219419,"Stenosis","Spinal stenosis","primary","Clinically specific degenerative spine endpoint with clear surgical relevance",1.68653288734163,1.2616660077732,2.25447397533137,"BMI","01_bmi"
"ieu-b-40","finn-b-M13_SPINSTENOSIS","Spinal stenosis || id:finn-b-M13_SPINSTENOSIS","body mass index || id:ieu-b-40","Weighted median",480,0.366524717117214,0.0975343026795694,0.000171341388901076,"Stenosis","Spinal stenosis","primary","Clinically specific degenerative spine endpoint with clear surgical relevance",1.44271205979268,1.1916721440409,1.74663652069038,"BMI","01_bmi"
"ieu-b-40","finn-b-M13_SPINSTENOSIS","Spinal stenosis || id:finn-b-M13_SPINSTENOSIS","body mass index || id:ieu-b-40","Inverse variance weighted",480,0.483729640780244,0.0574958534747395,3.98646894814497e-17,"Stenosis","Spinal stenosis","primary","Clinically specific degenerative spine endpoint with clear surgical relevance",1.62211303314947,1.44923780712271,1.81561002575374,"BMI","01_bmi"
"ieu-b-40","finn-b-M13_SPINSTENOSIS","Spinal stenosis || id:finn-b-M13_SPINSTENOSIS","body mass index || id:ieu-b-40","Simple mode",480,0.330630976080839,0.653507820641553,0.613136646912478,"Stenosis","Spinal stenosis","primary","Clinically specific degenerative spine endpoint with clear surgical relevance",1.39184607303393,0.386646533911132,5.01035266351371,"BMI","01_bmi"
"ieu-b-40","finn-b-M13_SPINSTENOSIS","Spinal stenosis || id:finn-b-M13_SPINSTENOSIS","body mass index || id:ieu-b-40","Weighted mode",480,0.330630976080839,0.720503715729922,0.646522284114858,"Stenosis","Spinal stenosis","primary","Clinically specific degenerative spine endpoint with clear surgical relevance",1.39184607303393,0.339067421888486,5.71342265862719,"BMI","01_bmi"
"ieu-b-40","finn-b-M13_LOWBACKPAIN","Low back pain || id:finn-b-M13_LOWBACKPAIN","body mass index || id:ieu-b-40","MR Egger",480,0.243658025679602,0.127328513090928,0.056266063934442,"Pain","Low back pain","secondary","FinnGen low-back-pain endpoint is clinically useful but less structural than IVDD or stenosis",1.27590792812789,0.994111545331129,1.63758387950053,"BMI","01_bmi"
"ieu-b-40","finn-b-M13_LOWBACKPAIN","Low back pain || id:finn-b-M13_LOWBACKPAIN","body mass index || id:ieu-b-40","Weighted median",480,0.19990829672818,0.0785229480053545,0.0109009437018577,"Pain","Low back pain","secondary","FinnGen low-back-pain endpoint is clinically useful but less structural than IVDD or stenosis",1.22129075666657,1.0470778858233,1.42448917364577,"BMI","01_bmi"
"ieu-b-40","finn-b-M13_LOWBACKPAIN","Low back pain || id:finn-b-M13_LOWBACKPAIN","body mass index || id:ieu-b-40","Inverse variance weighted",480,0.267985069408404,0.0494247642495911,5.89092142263827e-08,"Pain","Low back pain","secondary","FinnGen low-back-pain endpoint is clinically useful but less structural than IVDD or stenosis",1.30732762069443,1.18662427409351,1.44030890412738,"BMI","01_bmi"
"ieu-b-40","finn-b-M13_LOWBACKPAIN","Low back pain || id:finn-b-M13_LOWBACKPAIN","body mass index || id:ieu-b-40","Simple mode",480,0.180612696382956,0.400976327879791,0.652602549049171,"Pain","Low back pain","secondary","FinnGen low-back-pain endpoint is clinically useful but less structural than IVDD or stenosis",1.19795111863153,0.545910134145084,2.62879692621557,"BMI","01_bmi"
"ieu-b-40","finn-b-M13_LOWBACKPAIN","Low back pain || id:finn-b-M13_LOWBACKPAIN","body mass index || id:ieu-b-40","Weighted mode",480,0.204932179192003,0.538858093044191,0.703885193528162,"Pain","Low back pain","secondary","FinnGen low-back-pain endpoint is clinically useful but less structural than IVDD or stenosis",1.22744181604447,0.426889670017399,3.52928055558979,"BMI","01_bmi"
"ieu-b-40","finn-b-M13_SCIATICA","Siatica+with lumbago || id:finn-b-M13_SCIATICA","body mass index || id:ieu-b-40","MR Egger",480,0.0350194286815879,0.142240447316496,0.805634022889981,"Radicular","Sciatica with lumbago","secondary","Radicular symptom endpoint; useful to test whether signals extend from structural degeneration to nerve-root symptoms",1.03563982972065,0.783666408880682,1.36863063766604,"BMI","01_bmi"
"ieu-b-40","finn-b-M13_SCIATICA","Siatica+with lumbago || id:finn-b-M13_SCIATICA","body mass index || id:ieu-b-40","Weighted median",480,0.0814037873532178,0.0866100872042381,0.347274979444742,"Radicular","Sciatica with lumbago","secondary","Radicular symptom endpoint; useful to test whether signals extend from structural degeneration to nerve-root symptoms",1.0848088402331,0.915438600664602,1.28551518255132,"BMI","01_bmi"
"ieu-b-40","finn-b-M13_SCIATICA","Siatica+with lumbago || id:finn-b-M13_SCIATICA","body mass index || id:ieu-b-40","Inverse variance weighted",480,0.302843881590104,0.0554730250196485,4.78015654628398e-08,"Radicular","Sciatica with lumbago","secondary","Radicular symptom endpoint; useful to test whether signals extend from structural degeneration to nerve-root symptoms",1.35370310996756,1.21423804007024,1.50918687231198,"BMI","01_bmi"
"ieu-b-40","finn-b-M13_SCIATICA","Siatica+with lumbago || id:finn-b-M13_SCIATICA","body mass index || id:ieu-b-40","Simple mode",480,-0.116044207955061,0.506067929638587,0.818729281375086,"Radicular","Sciatica with lumbago","secondary","Radicular symptom endpoint; useful to test whether signals extend from structural degeneration to nerve-root symptoms",0.890435858078953,0.330239427391516,2.4009126457599,"BMI","01_bmi"
"ieu-b-40","finn-b-M13_SCIATICA","Siatica+with lumbago || id:finn-b-M13_SCIATICA","body mass index || id:ieu-b-40","Weighted mode",480,-0.116044207955061,0.662769696982883,0.861083065122151,"Radicular","Sciatica with lumbago","secondary","Radicular symptom endpoint; useful to test whether signals extend from structural degeneration to nerve-root symptoms",0.890435858078953,0.242907925697007,3.26410105836481,"BMI","01_bmi"
"ieu-b-40","finn-b-M13_LOWBACKPAINORANDSCIATICA","Lower back pain or/and sciatica || id:finn-b-M13_LOWBACKPAINORANDSCIATICA","body mass index || id:ieu-b-40","MR Egger",480,0.0990424346221675,0.105278345040882,0.347299246895237,"Pain","Lower back pain or/and sciatica","exploratory","Larger FinnGen symptomatic composite; interpret cautiously because it combines pain and radicular phenotypes",1.10411315118921,0.898253351673918,1.35715146328951,"BMI","01_bmi"
"ieu-b-40","finn-b-M13_LOWBACKPAINORANDSCIATICA","Lower back pain or/and sciatica || id:finn-b-M13_LOWBACKPAINORANDSCIATICA","body mass index || id:ieu-b-40","Weighted median",480,0.0908740556353329,0.0676294692986607,0.179043801800075,"Pain","Lower back pain or/and sciatica","exploratory","Larger FinnGen symptomatic composite; interpret cautiously because it combines pain and radicular phenotypes",1.09513107098566,0.959176951735689,1.25035538069172,"BMI","01_bmi"
"ieu-b-40","finn-b-M13_LOWBACKPAINORANDSCIATICA","Lower back pain or/and sciatica || id:finn-b-M13_LOWBACKPAINORANDSCIATICA","body mass index || id:ieu-b-40","Inverse variance weighted",480,0.227934096453536,0.0409963804715536,2.6999262802803e-08,"Pain","Lower back pain or/and sciatica","exploratory","Larger FinnGen symptomatic composite; interpret cautiously because it combines pain and radicular phenotypes",1.25600254768244,1.15902738328826,1.36109156913029,"BMI","01_bmi"
"ieu-b-40","finn-b-M13_LOWBACKPAINORANDSCIATICA","Lower back pain or/and sciatica || id:finn-b-M13_LOWBACKPAINORANDSCIATICA","body mass index || id:ieu-b-40","Simple mode",480,0.0409738347955591,0.363077794773873,0.910195651974911,"Pain","Lower back pain or/and sciatica","exploratory","Larger FinnGen symptomatic composite; interpret cautiously because it combines pain and radicular phenotypes",1.04182484562877,0.511371655501507,2.12252477682783,"BMI","01_bmi"
"ieu-b-40","finn-b-M13_LOWBACKPAINORANDSCIATICA","Lower back pain or/and sciatica || id:finn-b-M13_LOWBACKPAINORANDSCIATICA","body mass index || id:ieu-b-40","Weighted mode",480,0.0206607679327986,0.441673065424569,0.962709325171589,"Pain","Lower back pain or/and sciatica","exploratory","Larger FinnGen symptomatic composite; interpret cautiously because it combines pain and radicular phenotypes",1.02087567912353,0.429549437117497,2.42623330906813,"BMI","01_bmi"
"ieu-b-40","ukb-b-8463","Back pain for 3+ months || id:ukb-b-8463","body mass index || id:ieu-b-40","MR Egger",484,0.0323207662487663,0.0177977243140288,0.0699906495829456,"Pain","Back pain for 3+ months","exploratory","Large UKB self-reported chronic back-pain endpoint; do not pair with UKB exposures as a primary analysis",1.03284875519613,0.997440507693533,1.06951396387239,"BMI","01_bmi"
"ieu-b-40","ukb-b-8463","Back pain for 3+ months || id:ukb-b-8463","body mass index || id:ieu-b-40","Weighted median",484,0.0340432861329671,0.0101855642777524,0.00083085013535742,"Pain","Back pain for 3+ months","exploratory","Large UKB self-reported chronic back-pain endpoint; do not pair with UKB exposures as a primary analysis",1.03462939086423,1.01417916425575,1.05549198225309,"BMI","01_bmi"
"ieu-b-40","ukb-b-8463","Back pain for 3+ months || id:ukb-b-8463","body mass index || id:ieu-b-40","Inverse variance weighted",484,0.0375983626014125,0.00691602241380781,5.43634922438732e-08,"Pain","Back pain for 3+ months","exploratory","Large UKB self-reported chronic back-pain endpoint; do not pair with UKB exposures as a primary analysis",1.0383141233373,1.02433432098588,1.05248471776683,"BMI","01_bmi"
"ieu-b-40","ukb-b-8463","Back pain for 3+ months || id:ukb-b-8463","body mass index || id:ieu-b-40","Simple mode",484,0.049883757161963,0.0433754679660017,0.250694267146016,"Pain","Back pain for 3+ months","exploratory","Large UKB self-reported chronic back-pain endpoint; do not pair with UKB exposures as a primary analysis",1.05114890074256,0.965477810228517,1.14442196374328,"BMI","01_bmi"
"ieu-b-40","ukb-b-8463","Back pain for 3+ months || id:ukb-b-8463","body mass index || id:ieu-b-40","Weighted mode",484,-0.00256217942987524,0.0662498108164468,0.969165870476575,"Pain","Back pain for 3+ months","exploratory","Large UKB self-reported chronic back-pain endpoint; do not pair with UKB exposures as a primary analysis",0.997441100150285,0.875980184592215,1.13574344005527,"BMI","01_bmi"
"ieu-b-40","ieu-a-7","Coronary heart disease || id:ieu-a-7","body mass index || id:ieu-b-40","MR Egger",482,0.613302359482572,0.0943877521733217,2.04465553773773e-10,"Specificity","Coronary artery disease","specificity","Cardiometabolic specificity boundary for BMI and lipid-related signals",1.84651921140371,1.5346500356222,2.22176595245741,"BMI","01_bmi"
"ieu-b-40","ieu-a-7","Coronary heart disease || id:ieu-a-7","body mass index || id:ieu-b-40","Weighted median",482,0.376125116801905,0.0573997714584513,5.64951865015221e-11,"Specificity","Coronary artery disease","specificity","Cardiometabolic specificity boundary for BMI and lipid-related signals",1.45662937117885,1.30163551831196,1.63007930801744,"BMI","01_bmi"
"ieu-b-40","ieu-a-7","Coronary heart disease || id:ieu-a-7","body mass index || id:ieu-b-40","Inverse variance weighted",482,0.405093645788026,0.0369933014288468,6.61114511713234e-28,"Specificity","Coronary artery disease","specificity","Cardiometabolic specificity boundary for BMI and lipid-related signals",1.49944290999517,1.39457090780766,1.61220130704525,"BMI","01_bmi"
"ieu-b-40","ieu-a-7","Coronary heart disease || id:ieu-a-7","body mass index || id:ieu-b-40","Simple mode",482,0.338663158392254,0.18290612876487,0.0647005243483075,"Specificity","Coronary artery disease","specificity","Cardiometabolic specificity boundary for BMI and lipid-related signals",1.40307065303145,0.980362523300108,2.00804009803573,"BMI","01_bmi"
"ieu-b-40","ieu-a-7","Coronary heart disease || id:ieu-a-7","body mass index || id:ieu-b-40","Weighted mode",482,0.374031631164447,0.291121999435481,0.199482845493066,"Specificity","Coronary artery disease","specificity","Cardiometabolic specificity boundary for BMI and lipid-related signals",1.45358312825665,0.82154588515817,2.57186354277168,"BMI","01_bmi"
"ieu-b-4877","finn-b-M13_INTERVERTEB","Other intervertebral disc disorders || id:finn-b-M13_INTERVERTEB","smoking initiation || id:ieu-b-4877","MR Egger",85,0.354893846773474,0.340949263700274,0.30094488406509,"Disc","Other intervertebral disc disorders / intervertebral disc degeneration","primary","Most direct structural degenerative-spine endpoint; FinnGen registry source reduces UKB sample-overlap risk",1.4260292686386,0.730981805017504,2.78195635110951,"Smoking initiation","02_smoking_initiation"
"ieu-b-4877","finn-b-M13_INTERVERTEB","Other intervertebral disc disorders || id:finn-b-M13_INTERVERTEB","smoking initiation || id:ieu-b-4877","Weighted median",85,0.163182295532655,0.0850845916342879,0.0551258427993642,"Disc","Other intervertebral disc disorders / intervertebral disc degeneration","primary","Most direct structural degenerative-spine endpoint; FinnGen registry source reduces UKB sample-overlap risk",1.1772512777774,0.996422909017433,1.39089593232573,"Smoking initiation","02_smoking_initiation"
"ieu-b-4877","finn-b-M13_INTERVERTEB","Other intervertebral disc disorders || id:finn-b-M13_INTERVERTEB","smoking initiation || id:ieu-b-4877","Inverse variance weighted",85,0.205893164440357,0.0676317765980932,0.00233202418119153,"Disc","Other intervertebral disc disorders / intervertebral disc degeneration","primary","Most direct structural degenerative-spine endpoint; FinnGen registry source reduces UKB sample-overlap risk",1.22862193647124,1.07609084036605,1.40277363783234,"Smoking initiation","02_smoking_initiation"
"ieu-b-4877","finn-b-M13_INTERVERTEB","Other intervertebral disc disorders || id:finn-b-M13_INTERVERTEB","smoking initiation || id:ieu-b-4877","Simple mode",85,0.0848432216990758,0.246921201506169,0.732002342315222,"Disc","Other intervertebral disc disorders / intervertebral disc degeneration","primary","Most direct structural degenerative-spine endpoint; FinnGen registry source reduces UKB sample-overlap risk",1.08854639286582,0.670908621898832,1.7661619045341,"Smoking initiation","02_smoking_initiation"
"ieu-b-4877","finn-b-M13_INTERVERTEB","Other intervertebral disc disorders || id:finn-b-M13_INTERVERTEB","smoking initiation || id:ieu-b-4877","Weighted mode",85,0.101966542050929,0.258466468872614,0.694207439482305,"Disc","Other intervertebral disc disorders / intervertebral disc degeneration","primary","Most direct structural degenerative-spine endpoint; FinnGen registry source reduces UKB sample-overlap risk",1.10734642156795,0.667225147907925,1.83778459370742,"Smoking initiation","02_smoking_initiation"
"ieu-b-4877","finn-b-M13_SPINSTENOSIS","Spinal stenosis || id:finn-b-M13_SPINSTENOSIS","smoking initiation || id:ieu-b-4877","MR Egger",85,0.447997400748543,0.518894568875147,0.390422735110445,"Stenosis","Spinal stenosis","primary","Clinically specific degenerative spine endpoint with clear surgical relevance",1.5651746273658,0.566070893976749,4.32767633915886,"Smoking initiation","02_smoking_initiation"
"ieu-b-4877","finn-b-M13_SPINSTENOSIS","Spinal stenosis || id:finn-b-M13_SPINSTENOSIS","smoking initiation || id:ieu-b-4877","Weighted median",85,0.28299039569769,0.122960715853727,0.0213650805970695,"Stenosis","Spinal stenosis","primary","Clinically specific degenerative spine endpoint with clear surgical relevance",1.32709241595919,1.04288133067122,1.68875808656281,"Smoking initiation","02_smoking_initiation"
"ieu-b-4877","finn-b-M13_SPINSTENOSIS","Spinal stenosis || id:finn-b-M13_SPINSTENOSIS","smoking initiation || id:ieu-b-4877","Inverse variance weighted",85,0.32101862763633,0.102770685100813,0.00178628834578325,"Stenosis","Spinal stenosis","primary","Clinically specific degenerative spine endpoint with clear surgical relevance",1.37853125943356,1.12703251417231,1.68615227097604,"Smoking initiation","02_smoking_initiation"
"ieu-b-4877","finn-b-M13_SPINSTENOSIS","Spinal stenosis || id:finn-b-M13_SPINSTENOSIS","smoking initiation || id:ieu-b-4877","Simple mode",85,0.119521921621059,0.517684579676502,0.817971080993992,"Stenosis","Spinal stenosis","primary","Clinically specific degenerative spine endpoint with clear surgical relevance",1.12695794854152,0.408550457006956,3.10863492133921,"Smoking initiation","02_smoking_initiation"
"ieu-b-4877","finn-b-M13_SPINSTENOSIS","Spinal stenosis || id:finn-b-M13_SPINSTENOSIS","smoking initiation || id:ieu-b-4877","Weighted mode",85,0.191241555992746,0.495011347790031,0.700223434909998,"Stenosis","Spinal stenosis","primary","Clinically specific degenerative spine endpoint with clear surgical relevance",1.2107518811335,0.458873509342131,3.19460611219405,"Smoking initiation","02_smoking_initiation"
"ieu-b-4877","finn-b-M13_LOWBACKPAIN","Low back pain || id:finn-b-M13_LOWBACKPAIN","smoking initiation || id:ieu-b-4877","MR Egger",85,0.33640514811654,0.40141735232789,0.404413225020158,"Pain","Low back pain","secondary","FinnGen low-back-pain endpoint is clinically useful but less structural than IVDD or stenosis",1.399906079244,0.637390448347508,3.07462566435548,"Smoking initiation","02_smoking_initiation"
"ieu-b-4877","finn-b-M13_LOWBACKPAIN","Low back pain || id:finn-b-M13_LOWBACKPAIN","smoking initiation || id:ieu-b-4877","Weighted median",85,0.23295736667345,0.0995303287294425,0.0192545020888417,"Pain","Low back pain","secondary","FinnGen low-back-pain endpoint is clinically useful but less structural than IVDD or stenosis",1.26232766095266,1.03860443476465,1.53424255690503,"Smoking initiation","02_smoking_initiation"
"ieu-b-4877","finn-b-M13_LOWBACKPAIN","Low back pain || id:finn-b-M13_LOWBACKPAIN","smoking initiation || id:ieu-b-4877","Inverse variance weighted",85,0.304066246627494,0.0794664726654543,0.000130059272506286,"Pain","Low back pain","secondary","FinnGen low-back-pain endpoint is clinically useful but less structural than IVDD or stenosis",1.35535884106793,1.15987467466902,1.58378972157935,"Smoking initiation","02_smoking_initiation"
"ieu-b-4877","finn-b-M13_LOWBACKPAIN","Low back pain || id:finn-b-M13_LOWBACKPAIN","smoking initiation || id:ieu-b-4877","Simple mode",85,0.0458036547025271,0.334295399219057,0.891346409192237,"Pain","Low back pain","secondary","FinnGen low-back-pain endpoint is clinically useful but less structural than IVDD or stenosis",1.04686884300205,0.543668644128592,2.01581309918112,"Smoking initiation","02_smoking_initiation"
"ieu-b-4877","finn-b-M13_LOWBACKPAIN","Low back pain || id:finn-b-M13_LOWBACKPAIN","smoking initiation || id:ieu-b-4877","Weighted mode",85,-0.0269669896642455,0.356730507315643,0.939921182432491,"Pain","Low back pain","secondary","FinnGen low-back-pain endpoint is clinically useful but less structural than IVDD or stenosis",0.973393373036063,0.483763666437839,1.95858995704935,"Smoking initiation","02_smoking_initiation"
"ieu-b-4877","finn-b-M13_SCIATICA","Siatica+with lumbago || id:finn-b-M13_SCIATICA","smoking initiation || id:ieu-b-4877","MR Egger",85,-0.421170161279855,0.443443066450205,0.344985111571207,"Radicular","Sciatica with lumbago","secondary","Radicular symptom endpoint; useful to test whether signals extend from structural degeneration to nerve-root symptoms",0.656278418731735,0.275183103624183,1.56514465176334,"Smoking initiation","02_smoking_initiation"
"ieu-b-4877","finn-b-M13_SCIATICA","Siatica+with lumbago || id:finn-b-M13_SCIATICA","smoking initiation || id:ieu-b-4877","Weighted median",85,0.129628179205301,0.116079133177932,0.264112996611908,"Radicular","Sciatica with lumbago","secondary","Radicular symptom endpoint; useful to test whether signals extend from structural degeneration to nerve-root symptoms",1.13840502196227,0.906751431755464,1.42924063711697,"Smoking initiation","02_smoking_initiation"
"ieu-b-4877","finn-b-M13_SCIATICA","Siatica+with lumbago || id:finn-b-M13_SCIATICA","smoking initiation || id:ieu-b-4877","Inverse variance weighted",85,0.194498555085361,0.0888252559518895,0.0285477232953308,"Radicular","Sciatica with lumbago","secondary","Radicular symptom endpoint; useful to test whether signals extend from structural degeneration to nerve-root symptoms",1.21470172774347,1.02061057732044,1.44570350354081,"Smoking initiation","02_smoking_initiation"
"ieu-b-4877","finn-b-M13_SCIATICA","Siatica+with lumbago || id:finn-b-M13_SCIATICA","smoking initiation || id:ieu-b-4877","Simple mode",85,-0.351227043675924,0.446868468261261,0.434094221643555,"Radicular","Sciatica with lumbago","secondary","Radicular symptom endpoint; useful to test whether signals extend from structural degeneration to nerve-root symptoms",0.703823936939751,0.293144610224112,1.68984220392337,"Smoking initiation","02_smoking_initiation"
"ieu-b-4877","finn-b-M13_SCIATICA","Siatica+with lumbago || id:finn-b-M13_SCIATICA","smoking initiation || id:ieu-b-4877","Weighted mode",85,-0.270857099929256,0.483350761735766,0.576716048677774,"Radicular","Sciatica with lumbago","secondary","Radicular symptom endpoint; useful to test whether signals extend from structural degeneration to nerve-root symptoms",0.762725482143202,0.295754786217846,1.96700167916159,"Smoking initiation","02_smoking_initiation"
"ieu-b-4877","finn-b-M13_LOWBACKPAINORANDSCIATICA","Lower back pain or/and sciatica || id:finn-b-M13_LOWBACKPAINORANDSCIATICA","smoking initiation || id:ieu-b-4877","MR Egger",85,0.0832312567456545,0.329066958949097,0.800946867658561,"Pain","Lower back pain or/and sciatica","exploratory","Larger FinnGen symptomatic composite; interpret cautiously because it combines pain and radicular phenotypes",1.0867931077271,0.570216034083502,2.0713539928801,"Smoking initiation","02_smoking_initiation"
"ieu-b-4877","finn-b-M13_LOWBACKPAINORANDSCIATICA","Lower back pain or/and sciatica || id:finn-b-M13_LOWBACKPAINORANDSCIATICA","smoking initiation || id:ieu-b-4877","Weighted median",85,0.178364522383947,0.0839086668849928,0.0335283768354756,"Pain","Lower back pain or/and sciatica","exploratory","Larger FinnGen symptomatic composite; interpret cautiously because it combines pain and radicular phenotypes",1.19526094120109,1.01400063894226,1.40892289678554,"Smoking initiation","02_smoking_initiation"
"ieu-b-4877","finn-b-M13_LOWBACKPAINORANDSCIATICA","Lower back pain or/and sciatica || id:finn-b-M13_LOWBACKPAINORANDSCIATICA","smoking initiation || id:ieu-b-4877","Inverse variance weighted",85,0.206379444162152,0.0652560314641025,0.00156361103082467,"Pain","Lower back pain or/and sciatica","exploratory","Larger FinnGen symptomatic composite; interpret cautiously because it combines pain and radicular phenotypes",1.22921953569312,1.08163915050327,1.39693599868919,"Smoking initiation","02_smoking_initiation"
"ieu-b-4877","finn-b-M13_LOWBACKPAINORANDSCIATICA","Lower back pain or/and sciatica || id:finn-b-M13_LOWBACKPAINORANDSCIATICA","smoking initiation || id:ieu-b-4877","Simple mode",85,-0.201926556343587,0.333543632618713,0.546546960103002,"Pain","Lower back pain or/and sciatica","exploratory","Larger FinnGen symptomatic composite; interpret cautiously because it combines pain and radicular phenotypes",0.817154940585128,0.424997464364683,1.57116748430693,"Smoking initiation","02_smoking_initiation"
"ieu-b-4877","finn-b-M13_LOWBACKPAINORANDSCIATICA","Lower back pain or/and sciatica || id:finn-b-M13_LOWBACKPAINORANDSCIATICA","smoking initiation || id:ieu-b-4877","Weighted mode",85,-0.217335275316839,0.337310114964756,0.521124269035175,"Pain","Lower back pain or/and sciatica","exploratory","Larger FinnGen symptomatic composite; interpret cautiously because it combines pain and radicular phenotypes",0.804660141390357,0.415420881391905,1.55860711905698,"Smoking initiation","02_smoking_initiation"
"ieu-b-4877","ieu-a-7","Coronary heart disease || id:ieu-a-7","smoking initiation || id:ieu-b-4877","MR Egger",86,0.146022676683857,0.258449607542478,0.573583184034,"Specificity","Coronary artery disease","specificity","Cardiometabolic specificity boundary for BMI and lipid-related signals",1.15722242972045,0.697300690784612,1.9204968094055,"Smoking initiation","02_smoking_initiation"
"ieu-b-4877","ieu-a-7","Coronary heart disease || id:ieu-a-7","smoking initiation || id:ieu-b-4877","Weighted median",86,0.264747036274493,0.0688993327416703,0.000121777687219665,"Specificity","Coronary artery disease","specificity","Cardiometabolic specificity boundary for BMI and lipid-related signals",1.30310129672297,1.1384917317639,1.49151104232459,"Smoking initiation","02_smoking_initiation"
"ieu-b-4877","ieu-a-7","Coronary heart disease || id:ieu-a-7","smoking initiation || id:ieu-b-4877","Inverse variance weighted",86,0.251845615703304,0.0502332379441299,5.34417015140984e-07,"Specificity","Coronary artery disease","specificity","Cardiometabolic specificity boundary for BMI and lipid-related signals",1.2863974223924,1.16577775989988,1.41949725347302,"Smoking initiation","02_smoking_initiation"
"ieu-b-4877","ieu-a-7","Coronary heart disease || id:ieu-a-7","smoking initiation || id:ieu-b-4877","Simple mode",86,0.250856676389388,0.189229237676055,0.188498867657073,"Specificity","Coronary artery disease","specificity","Cardiometabolic specificity boundary for BMI and lipid-related signals",1.28512588224972,0.886891497458214,1.86217653226058,"Smoking initiation","02_smoking_initiation"
"ieu-b-4877","ieu-a-7","Coronary heart disease || id:ieu-a-7","smoking initiation || id:ieu-b-4877","Weighted mode",86,0.257706182623869,0.204969127028431,0.212091310646271,"Specificity","Coronary artery disease","specificity","Cardiometabolic specificity boundary for BMI and lipid-related signals",1.29395857525252,0.865858908977465,1.93372012126874,"Smoking initiation","02_smoking_initiation"
"ieu-b-142","finn-b-M13_INTERVERTEB","Other intervertebral disc disorders || id:finn-b-M13_INTERVERTEB","Cigarettes smoked per day || id:ieu-b-142","MR Egger",23,-0.150790760052845,0.102324763920026,0.155408991061682,"Disc","Other intervertebral disc disorders / intervertebral disc degeneration","primary","Most direct structural degenerative-spine endpoint; FinnGen registry source reduces UKB sample-overlap risk",0.860027631970196,0.703739304623993,1.05102489358251,"Cigarettes smoked per day","03_cigarettes_smoked_per_day"
"ieu-b-142","finn-b-M13_INTERVERTEB","Other intervertebral disc disorders || id:finn-b-M13_INTERVERTEB","Cigarettes smoked per day || id:ieu-b-142","Weighted median",23,-0.00664121255963327,0.0584283959175082,0.909504051415619,"Disc","Other intervertebral disc disorders / intervertebral disc degeneration","primary","Most direct structural degenerative-spine endpoint; FinnGen registry source reduces UKB sample-overlap risk",0.993380791554219,0.885891436051587,1.11391233380365,"Cigarettes smoked per day","03_cigarettes_smoked_per_day"
"ieu-b-142","finn-b-M13_INTERVERTEB","Other intervertebral disc disorders || id:finn-b-M13_INTERVERTEB","Cigarettes smoked per day || id:ieu-b-142","Inverse variance weighted",23,0.132202885457491,0.0712020989656358,0.0633499524542557,"Disc","Other intervertebral disc disorders / intervertebral disc degeneration","primary","Most direct structural degenerative-spine endpoint; FinnGen registry source reduces UKB sample-overlap risk",1.14133985703767,0.992673740326472,1.3122707052111,"Cigarettes smoked per day","03_cigarettes_smoked_per_day"
"ieu-b-142","finn-b-M13_INTERVERTEB","Other intervertebral disc disorders || id:finn-b-M13_INTERVERTEB","Cigarettes smoked per day || id:ieu-b-142","Simple mode",23,0.205497120150613,0.129728870461888,0.127452775239662,"Disc","Other intervertebral disc disorders / intervertebral disc degeneration","primary","Most direct structural degenerative-spine endpoint; FinnGen registry source reduces UKB sample-overlap risk",1.22813544411167,0.952398760371007,1.58370288984396,"Cigarettes smoked per day","03_cigarettes_smoked_per_day"
"ieu-b-142","finn-b-M13_INTERVERTEB","Other intervertebral disc disorders || id:finn-b-M13_INTERVERTEB","Cigarettes smoked per day || id:ieu-b-142","Weighted mode",23,0.0290617709872327,0.484236994400544,0.952685067803802,"Disc","Other intervertebral disc disorders / intervertebral disc degeneration","primary","Most direct structural degenerative-spine endpoint; FinnGen registry source reduces UKB sample-overlap risk",1.02948818501262,0.398502009526609,2.65957485218103,"Cigarettes smoked per day","03_cigarettes_smoked_per_day"
"ieu-b-142","finn-b-M13_SPINSTENOSIS","Spinal stenosis || id:finn-b-M13_SPINSTENOSIS","Cigarettes smoked per day || id:ieu-b-142","MR Egger",23,-0.267469848690107,0.121587407497948,0.0391549533843653,"Stenosis","Spinal stenosis","primary","Clinically specific degenerative spine endpoint with clear surgical relevance",0.765313405476609,0.603034320642595,0.971262478026253,"Cigarettes smoked per day","03_cigarettes_smoked_per_day"
"ieu-b-142","finn-b-M13_SPINSTENOSIS","Spinal stenosis || id:finn-b-M13_SPINSTENOSIS","Cigarettes smoked per day || id:ieu-b-142","Weighted median",23,-0.0894874540168218,0.084107757566585,0.287345935519301,"Stenosis","Spinal stenosis","primary","Clinically specific degenerative spine endpoint with clear surgical relevance",0.914399737096061,0.775429151631867,1.07827630344016,"Cigarettes smoked per day","03_cigarettes_smoked_per_day"
"ieu-b-142","finn-b-M13_SPINSTENOSIS","Spinal stenosis || id:finn-b-M13_SPINSTENOSIS","Cigarettes smoked per day || id:ieu-b-142","Inverse variance weighted",23,0.100302322374029,0.0875423588666335,0.251895466331985,"Stenosis","Spinal stenosis","primary","Clinically specific degenerative spine endpoint with clear surgical relevance",1.10550508648206,0.931200466531681,1.31243651626341,"Cigarettes smoked per day","03_cigarettes_smoked_per_day"
"ieu-b-142","finn-b-M13_SPINSTENOSIS","Spinal stenosis || id:finn-b-M13_SPINSTENOSIS","Cigarettes smoked per day || id:ieu-b-142","Simple mode",23,0.0482939456307681,0.201127957970744,0.812463940109144,"Stenosis","Spinal stenosis","primary","Clinically specific degenerative spine endpoint with clear surgical relevance",1.04947909978526,0.707571317806312,1.5566012261503,"Cigarettes smoked per day","03_cigarettes_smoked_per_day"
"ieu-b-142","finn-b-M13_SPINSTENOSIS","Spinal stenosis || id:finn-b-M13_SPINSTENOSIS","Cigarettes smoked per day || id:ieu-b-142","Weighted mode",23,-0.0812942272553625,0.615443988522991,0.896113441634505,"Stenosis","Spinal stenosis","primary","Clinically specific degenerative spine endpoint with clear surgical relevance",0.921922396838952,0.275942037394459,3.08014289456844,"Cigarettes smoked per day","03_cigarettes_smoked_per_day"
"ieu-b-142","finn-b-M13_LOWBACKPAIN","Low back pain || id:finn-b-M13_LOWBACKPAIN","Cigarettes smoked per day || id:ieu-b-142","MR Egger",23,-0.145009594650575,0.11705920908113,0.229098574945999,"Pain","Low back pain","secondary","FinnGen low-back-pain endpoint is clinically useful but less structural than IVDD or stenosis",0.865013993563915,0.687670387042385,1.08809281766451,"Cigarettes smoked per day","03_cigarettes_smoked_per_day"
"ieu-b-142","finn-b-M13_LOWBACKPAIN","Low back pain || id:finn-b-M13_LOWBACKPAIN","Cigarettes smoked per day || id:ieu-b-142","Weighted median",23,-0.00873102566032846,0.0657377192894951,0.894338843328294,"Pain","Low back pain","secondary","FinnGen low-back-pain endpoint is clinically useful but less structural than IVDD or stenosis",0.991306979057062,0.871467283244213,1.12762641308688,"Cigarettes smoked per day","03_cigarettes_smoked_per_day"
"ieu-b-142","finn-b-M13_LOWBACKPAIN","Low back pain || id:finn-b-M13_LOWBACKPAIN","Cigarettes smoked per day || id:ieu-b-142","Inverse variance weighted",23,0.0578630180779644,0.07225975237224,0.423268205800192,"Pain","Low back pain","secondary","FinnGen low-back-pain endpoint is clinically useful but less structural than IVDD or stenosis",1.05956984385518,0.919646339371457,1.22078260516386,"Cigarettes smoked per day","03_cigarettes_smoked_per_day"
"ieu-b-142","finn-b-M13_LOWBACKPAIN","Low back pain || id:finn-b-M13_LOWBACKPAIN","Cigarettes smoked per day || id:ieu-b-142","Simple mode",23,0.0676684324354975,0.172017971241009,0.697825193772394,"Pain","Low back pain","secondary","FinnGen low-back-pain endpoint is clinically useful but less structural than IVDD or stenosis",1.07001046889021,0.763771367961364,1.49903813046913,"Cigarettes smoked per day","03_cigarettes_smoked_per_day"
"ieu-b-142","finn-b-M13_LOWBACKPAIN","Low back pain || id:finn-b-M13_LOWBACKPAIN","Cigarettes smoked per day || id:ieu-b-142","Weighted mode",23,-0.00886633943158577,0.532726875255938,0.986871189554716,"Pain","Low back pain","secondary","FinnGen low-back-pain endpoint is clinically useful but less structural than IVDD or stenosis",0.991172850646168,0.348885666036674,2.81588989028509,"Cigarettes smoked per day","03_cigarettes_smoked_per_day"
"ieu-b-142","finn-b-M13_SCIATICA","Siatica+with lumbago || id:finn-b-M13_SCIATICA","Cigarettes smoked per day || id:ieu-b-142","MR Egger",23,-0.0876794297142284,0.105826269773377,0.416692388625614,"Radicular","Sciatica with lumbago","secondary","Radicular symptom endpoint; useful to test whether signals extend from structural degeneration to nerve-root symptoms",0.916054489508528,0.744457943182825,1.12720380705596,"Cigarettes smoked per day","03_cigarettes_smoked_per_day"
"ieu-b-142","finn-b-M13_SCIATICA","Siatica+with lumbago || id:finn-b-M13_SCIATICA","Cigarettes smoked per day || id:ieu-b-142","Weighted median",23,0.00301653954396557,0.0834384466367201,0.971160463496083,"Radicular","Sciatica with lumbago","secondary","Radicular symptom endpoint; useful to test whether signals extend from structural degeneration to nerve-root symptoms",1.00302109387767,0.851698391115602,1.1812295587946,"Cigarettes smoked per day","03_cigarettes_smoked_per_day"
"ieu-b-142","finn-b-M13_SCIATICA","Siatica+with lumbago || id:finn-b-M13_SCIATICA","Cigarettes smoked per day || id:ieu-b-142","Inverse variance weighted",23,0.0493795690052328,0.0607378700685384,0.416221072803225,"Radicular","Sciatica with lumbago","secondary","Radicular symptom endpoint; useful to test whether signals extend from structural degeneration to nerve-root symptoms",1.05061905749741,0.932704679293224,1.1834404056096,"Cigarettes smoked per day","03_cigarettes_smoked_per_day"
"ieu-b-142","finn-b-M13_SCIATICA","Siatica+with lumbago || id:finn-b-M13_SCIATICA","Cigarettes smoked per day || id:ieu-b-142","Simple mode",23,0.140508483360259,0.159836844366404,0.388861899246033,"Radicular","Sciatica with lumbago","secondary","Radicular symptom endpoint; useful to test whether signals extend from structural degeneration to nerve-root symptoms",1.15085884267361,0.841329641899937,1.57426531741949,"Cigarettes smoked per day","03_cigarettes_smoked_per_day"
"ieu-b-142","finn-b-M13_SCIATICA","Siatica+with lumbago || id:finn-b-M13_SCIATICA","Cigarettes smoked per day || id:ieu-b-142","Weighted mode",23,-0.00516866962001927,0.524275900062734,0.992222892252538,"Radicular","Sciatica with lumbago","secondary","Radicular symptom endpoint; useful to test whether signals extend from structural degeneration to nerve-root symptoms",0.994844664968881,0.356026741726149,2.77989204580121,"Cigarettes smoked per day","03_cigarettes_smoked_per_day"
"ieu-b-142","finn-b-M13_LOWBACKPAINORANDSCIATICA","Lower back pain or/and sciatica || id:finn-b-M13_LOWBACKPAINORANDSCIATICA","Cigarettes smoked per day || id:ieu-b-142","MR Egger",23,-0.125361744035481,0.0849469251054054,0.154844453350309,"Pain","Lower back pain or/and sciatica","exploratory","Larger FinnGen symptomatic composite; interpret cautiously because it combines pain and radicular phenotypes",0.882177722328013,0.74687479581948,1.04199196187622,"Cigarettes smoked per day","03_cigarettes_smoked_per_day"
"ieu-b-142","finn-b-M13_LOWBACKPAINORANDSCIATICA","Lower back pain or/and sciatica || id:finn-b-M13_LOWBACKPAINORANDSCIATICA","Cigarettes smoked per day || id:ieu-b-142","Weighted median",23,-0.0138746884064732,0.058384795214267,0.812158653945572,"Pain","Lower back pain or/and sciatica","exploratory","Larger FinnGen symptomatic composite; interpret cautiously because it combines pain and radicular phenotypes",0.986221121460172,0.87958164582027,1.10578944551204,"Cigarettes smoked per day","03_cigarettes_smoked_per_day"
"ieu-b-142","finn-b-M13_LOWBACKPAINORANDSCIATICA","Lower back pain or/and sciatica || id:finn-b-M13_LOWBACKPAINORANDSCIATICA","Cigarettes smoked per day || id:ieu-b-142","Inverse variance weighted",23,0.0486956446802535,0.0542398618439309,0.369301064788344,"Pain","Lower back pain or/and sciatica","exploratory","Larger FinnGen symptomatic composite; interpret cautiously because it combines pain and radicular phenotypes",1.04990075922653,0.944013809218832,1.1676647030583,"Cigarettes smoked per day","03_cigarettes_smoked_per_day"
"ieu-b-142","finn-b-M13_LOWBACKPAINORANDSCIATICA","Lower back pain or/and sciatica || id:finn-b-M13_LOWBACKPAINORANDSCIATICA","Cigarettes smoked per day || id:ieu-b-142","Simple mode",23,0.0117092111582524,0.0935088642704839,0.901486342892276,"Pain","Lower back pain or/and sciatica","exploratory","Larger FinnGen symptomatic composite; interpret cautiously because it combines pain and radicular phenotypes",1.01177803232277,0.842342849605936,1.21529468335825,"Cigarettes smoked per day","03_cigarettes_smoked_per_day"
"ieu-b-142","finn-b-M13_LOWBACKPAINORANDSCIATICA","Lower back pain or/and sciatica || id:finn-b-M13_LOWBACKPAINORANDSCIATICA","Cigarettes smoked per day || id:ieu-b-142","Weighted mode",23,-0.00889293181695172,0.375542895574484,0.981321174165743,"Pain","Lower back pain or/and sciatica","exploratory","Larger FinnGen symptomatic composite; interpret cautiously because it combines pain and radicular phenotypes",0.991146493346212,0.474754710562563,2.06921879744685,"Cigarettes smoked per day","03_cigarettes_smoked_per_day"
"ieu-b-142","ieu-a-7","Coronary heart disease || id:ieu-a-7","Cigarettes smoked per day || id:ieu-b-142","MR Egger",23,-0.125242811067445,0.069039790375906,0.0839825321989402,"Specificity","Coronary artery disease","specificity","Cardiometabolic specificity boundary for BMI and lipid-related signals",0.882282648582336,0.770619301140776,1.01012610356,"Cigarettes smoked per day","03_cigarettes_smoked_per_day"
"ieu-b-142","ieu-a-7","Coronary heart disease || id:ieu-a-7","Cigarettes smoked per day || id:ieu-b-142","Weighted median",23,-0.0545152654022228,0.0499179683462256,0.274790450970955,"Specificity","Coronary artery disease","specificity","Cardiometabolic specificity boundary for BMI and lipid-related signals",0.946944053265634,0.85868383765165,1.04427613598443,"Cigarettes smoked per day","03_cigarettes_smoked_per_day"
"ieu-b-142","ieu-a-7","Coronary heart disease || id:ieu-a-7","Cigarettes smoked per day || id:ieu-b-142","Inverse variance weighted",23,0.0154666321648462,0.0444848999870958,0.728078456199576,"Specificity","Coronary artery disease","specificity","Cardiometabolic specificity boundary for BMI and lipid-related signals",1.01558685955801,0.930787970180383,1.10811130176834,"Cigarettes smoked per day","03_cigarettes_smoked_per_day"
"ieu-b-142","ieu-a-7","Coronary heart disease || id:ieu-a-7","Cigarettes smoked per day || id:ieu-b-142","Simple mode",23,-0.045026057674172,0.130518784958693,0.733387579098746,"Specificity","Coronary artery disease","specificity","Cardiometabolic specificity boundary for BMI and lipid-related signals",0.955972571086768,0.74019406571964,1.23465399007454,"Cigarettes smoked per day","03_cigarettes_smoked_per_day"
"ieu-b-142","ieu-a-7","Coronary heart disease || id:ieu-a-7","Cigarettes smoked per day || id:ieu-b-142","Weighted mode",23,-0.0534890923797019,0.3626708155676,0.88409127197377,"Specificity","Coronary artery disease","specificity","Cardiometabolic specificity boundary for BMI and lipid-related signals",0.947916280458275,0.465648653864732,1.92966363652127,"Cigarettes smoked per day","03_cigarettes_smoked_per_day"
