analysis_block,exposure,exposure_id,exposure_construct,outcome,outcome_id,harmonised_snps,ivw_or_ci,ivw_p,weighted_median_b,weighted_median_p,mr_egger_b,mr_egger_p,egger_intercept,egger_intercept_p,interpretation,note
Non-UKB alternative adiposity,Waist-to-hip ratio,ieu-a-73,Central adiposity,Other intervertebral disc disorders / intervertebral disc degeneration,finn-b-M13_INTERVERTEB,28,1.10 (0.86-1.40),0.452799523181896,0.185748135536714,0.172119376626403,0.0360057492638917,0.95092844655836,0.00147706450509295,0.920899066041668,positive_but_imprecise,Primary alternative adiposity sensitivity.
Non-UKB alternative adiposity,Waist-to-hip ratio,ieu-a-73,Central adiposity,Spinal stenosis,finn-b-M13_SPINSTENOSIS,28,1.07 (0.75-1.52),0.714532072945915,0.0871422756774203,0.680246557306156,0.269022020035849,0.7526585312425,-0.00528922817094917,0.807344632110996,positive_but_imprecise,Primary alternative adiposity sensitivity.
Non-UKB alternative adiposity,Waist circumference,ieu-a-61,Abdominal adiposity,Other intervertebral disc disorders / intervertebral disc degeneration,finn-b-M13_INTERVERTEB,41,1.30 (1.10-1.55),0.00204613890223479,0.221020577825729,0.0581133649309861,0.16264751347032,0.489705940428188,0.00328121804524924,0.635104492142534,supports_broader_adiposity_signal,Primary alternative adiposity sensitivity.
Non-UKB alternative adiposity,Waist circumference,ieu-a-61,Abdominal adiposity,Spinal stenosis,finn-b-M13_SPINSTENOSIS,41,1.50 (1.15-1.95),0.00269602778828533,0.366781551614759,0.0342408278252875,0.386599596835625,0.294277906902421,0.000505387453609094,0.962549593470233,supports_broader_adiposity_signal,Primary alternative adiposity sensitivity.
Non-UKB alternative adiposity,Body fat,ieu-a-999,General adiposity,Other intervertebral disc disorders / intervertebral disc degeneration,finn-b-M13_INTERVERTEB,9,1.03 (0.73-1.46),0.861671680278888,0.0891958115751007,0.632605107020392,0.711465466164712,0.530507235083481,-0.0232293524025808,0.542173477889261,positive_but_imprecise,Small non-UKB body-fat instrument set; directionally informative but imprecise.
Non-UKB alternative adiposity,Body fat,ieu-a-999,General adiposity,Spinal stenosis,finn-b-M13_SPINSTENOSIS,9,1.12 (0.61-2.05),0.713162216673507,0.0685374810854697,0.825431754705105,4.25171778390124,0.00732970212171353,-0.140951859688525,0.00779400537910769,positive_but_imprecise,Small non-UKB body-fat instrument set; directionally informative but imprecise.
Non-UKB alternative adiposity,Body fat percentage,ebi-a-GCST003435,General adiposity,Other intervertebral disc disorders / intervertebral disc degeneration,finn-b-M13_INTERVERTEB,9,1.03 (0.73-1.46),0.861671680278888,0.0891958115751007,0.641873196450639,0.711465466164712,0.530507235083481,-0.0232293524025808,0.542173477889261,positive_but_imprecise,Small non-UKB body-fat instrument set; directionally informative but imprecise.
Non-UKB alternative adiposity,Body fat percentage,ebi-a-GCST003435,General adiposity,Spinal stenosis,finn-b-M13_SPINSTENOSIS,9,1.12 (0.61-2.05),0.713162216673507,0.0685374810854697,0.820643521469331,4.25171778390124,0.00732970212171353,-0.140951859688525,0.00779400537910769,positive_but_imprecise,Small non-UKB body-fat instrument set; directionally informative but imprecise.
Non-UKB alternative adiposity,Waist-to-hip ratio adjusted for BMI,ieu-a-78,BMI-independent central adiposity,Other intervertebral disc disorders / intervertebral disc degeneration,finn-b-M13_INTERVERTEB,36,0.95 (0.78-1.16),0.59246377402977,-0.0592830316507624,0.623140774736096,-0.310237496887717,0.535920749998788,0.00713697457069155,0.601629342584299,not_supportive_or_reverse_direction,BMI-adjusted WHR tests BMI-independent central adiposity.
Non-UKB alternative adiposity,Waist-to-hip ratio adjusted for BMI,ieu-a-78,BMI-independent central adiposity,Spinal stenosis,finn-b-M13_SPINSTENOSIS,36,0.85 (0.66-1.10),0.214206565363297,-0.243930194894316,0.137248300796926,-0.622371185062058,0.331836520245959,0.0128522084868091,0.461547640756861,not_supportive_or_reverse_direction,BMI-adjusted WHR tests BMI-independent central adiposity.
UKB body-composition sensitivity,Waist circumference,ukb-b-9405,Abdominal adiposity,Other intervertebral disc disorders / intervertebral disc degeneration,finn-b-M13_INTERVERTEB,352,1.32 (1.19-1.47),3.08e-07,0.260649774972304,0.00333095670658371,0.438112131924388,0.00479339592308013,-0.0026592925977307,0.26469116035277,positive_supportive_sensitivity,Full instrument set; UKB exposure paired only with FinnGen structural outcomes.
UKB body-composition sensitivity,Waist circumference,ukb-b-9405,Abdominal adiposity,Spinal stenosis,finn-b-M13_SPINSTENOSIS,352,1.62 (1.40-1.88),2.95e-10,0.488209177309007,7.39701550577905e-05,0.724139918064893,0.00104518456659064,-0.0039660247867091,0.24119576732608,positive_supportive_sensitivity,Full instrument set; UKB exposure paired only with FinnGen structural outcomes.
UKB body-composition sensitivity,Body fat percentage,ukb-b-8909,General adiposity,Other intervertebral disc disorders / intervertebral disc degeneration,finn-b-M13_INTERVERTEB,91,1.40 (1.17-1.68),0.000263,0.27133212338399,0.0270595595497436,0.297873068340822,0.36300162638285,0.000781148951692592,0.894590338136693,positive_supportive_sensitivity,Strongest 96 instruments used for outcome extraction; exploratory UKB sensitivity.
UKB body-composition sensitivity,Body fat percentage,ukb-b-8909,General adiposity,Spinal stenosis,finn-b-M13_SPINSTENOSIS,91,1.62 (1.16-2.26),0.004,0.640098468973123,0.000454431839298115,0.862527431536015,0.146434031273407,-0.00715542483880468,0.502482509785118,positive_supportive_sensitivity,Strongest 96 instruments used for outcome extraction; exploratory UKB sensitivity.
