outcome,exposure,n_snps,assumed_error_correlation_rho,conditional_F,above_conventional_F10,projection_delta,minimum_residual_variance,covariance_model,interpretation
Intervertebral disc disorders,BMI,530,-0.9,15.577391909535075,True,0.5092415389511814,1.105315223049383e-05,"cov(beta_BMI,beta_smoking)=rho*se_BMI*se_smoking for every SNP","Stress-test only; rho is assumed, not estimated. Public summary data do not identify the true SNP-exposure covariance."
Intervertebral disc disorders,Smoking initiation,530,-0.9,5.78961075503938,False,0.23894997983820912,1.5235260303214842e-05,"cov(beta_BMI,beta_smoking)=rho*se_BMI*se_smoking for every SNP","Stress-test only; rho is assumed, not estimated. Public summary data do not identify the true SNP-exposure covariance."
Intervertebral disc disorders,BMI,530,-0.75,16.90942786125381,True,0.5092415389511814,1.01840382512237e-05,"cov(beta_BMI,beta_smoking)=rho*se_BMI*se_smoking for every SNP","Stress-test only; rho is assumed, not estimated. Public summary data do not identify the true SNP-exposure covariance."
Intervertebral disc disorders,Smoking initiation,530,-0.75,5.957561437618419,False,0.23894997983820912,1.4827448386984631e-05,"cov(beta_BMI,beta_smoking)=rho*se_BMI*se_smoking for every SNP","Stress-test only; rho is assumed, not estimated. Public summary data do not identify the true SNP-exposure covariance."
Intervertebral disc disorders,BMI,530,-0.5,19.719868048746566,True,0.5092415389511814,8.735514952440156e-06,"cov(beta_BMI,beta_smoking)=rho*se_BMI*se_smoking for every SNP","Stress-test only; rho is assumed, not estimated. Public summary data do not identify the true SNP-exposure covariance."
Intervertebral disc disorders,Smoking initiation,530,-0.5,6.260251421125354,False,0.23894997983820912,1.4147761859934283e-05,"cov(beta_BMI,beta_smoking)=rho*se_BMI*se_smoking for every SNP","Stress-test only; rho is assumed, not estimated. Public summary data do not identify the true SNP-exposure covariance."
Intervertebral disc disorders,BMI,530,-0.25,23.65076187328599,True,0.5092415389511814,7.2869916536566114e-06,"cov(beta_BMI,beta_smoking)=rho*se_BMI*se_smoking for every SNP","Stress-test only; rho is assumed, not estimated. Public summary data do not identify the true SNP-exposure covariance."
Intervertebral disc disorders,Smoking initiation,530,-0.25,6.595374793920372,False,0.23894997983820912,1.3468075332883932e-05,"cov(beta_BMI,beta_smoking)=rho*se_BMI*se_smoking for every SNP","Stress-test only; rho is assumed, not estimated. Public summary data do not identify the true SNP-exposure covariance."
Intervertebral disc disorders,BMI,530,0.0,29.53898359875553,True,0.5092415389511814,5.838468354873067e-06,"cov(beta_BMI,beta_smoking)=rho*se_BMI*se_smoking for every SNP","Stress-test only; rho is assumed, not estimated. Public summary data do not identify the true SNP-exposure covariance."
Intervertebral disc disorders,Smoking initiation,530,0.0,6.968444964912016,False,0.23894997983820912,1.2788388805833581e-05,"cov(beta_BMI,beta_smoking)=rho*se_BMI*se_smoking for every SNP","Stress-test only; rho is assumed, not estimated. Public summary data do not identify the true SNP-exposure covariance."
Intervertebral disc disorders,BMI,530,0.25,39.33113396033618,True,0.5092415389511814,4.389945056089522e-06,"cov(beta_BMI,beta_smoking)=rho*se_BMI*se_smoking for every SNP","Stress-test only; rho is assumed, not estimated. Public summary data do not identify the true SNP-exposure covariance."
Intervertebral disc disorders,Smoking initiation,530,0.25,7.3863015003015935,False,0.23894997983820912,1.2067464238912803e-05,"cov(beta_BMI,beta_smoking)=rho*se_BMI*se_smoking for every SNP","Stress-test only; rho is assumed, not estimated. Public summary data do not identify the true SNP-exposure covariance."
Intervertebral disc disorders,BMI,530,0.5,58.83526810933789,True,0.5092415389511814,2.941421757305977e-06,"cov(beta_BMI,beta_smoking)=rho*se_BMI*se_smoking for every SNP","Stress-test only; rho is assumed, not estimated. Public summary data do not identify the true SNP-exposure covariance."
Intervertebral disc disorders,Smoking initiation,530,0.5,7.857534883138623,False,0.23894997983820912,1.1302664206944043e-05,"cov(beta_BMI,beta_smoking)=rho*se_BMI*se_smoking for every SNP","Stress-test only; rho is assumed, not estimated. Public summary data do not identify the true SNP-exposure covariance."
Intervertebral disc disorders,BMI,530,0.75,116.71910164789257,True,0.5092415389511814,1.492898458522432e-06,"cov(beta_BMI,beta_smoking)=rho*se_BMI*se_smoking for every SNP","Stress-test only; rho is assumed, not estimated. Public summary data do not identify the true SNP-exposure covariance."
Intervertebral disc disorders,Smoking initiation,530,0.75,8.393085943291632,False,0.23894997983820912,1.0537864174975282e-05,"cov(beta_BMI,beta_smoking)=rho*se_BMI*se_smoking for every SNP","Stress-test only; rho is assumed, not estimated. Public summary data do not identify the true SNP-exposure covariance."
Intervertebral disc disorders,BMI,530,0.9,285.022218056947,True,0.5092415389511814,6.237844792523048e-07,"cov(beta_BMI,beta_smoking)=rho*se_BMI*se_smoking for every SNP","Stress-test only; rho is assumed, not estimated. Public summary data do not identify the true SNP-exposure covariance."
Intervertebral disc disorders,Smoking initiation,530,0.9,8.75100957505252,False,0.23894997983820912,1.0078984155794025e-05,"cov(beta_BMI,beta_smoking)=rho*se_BMI*se_smoking for every SNP","Stress-test only; rho is assumed, not estimated. Public summary data do not identify the true SNP-exposure covariance."
Spinal stenosis,BMI,530,-0.9,15.577391909535075,True,0.5092415389511814,1.105315223049383e-05,"cov(beta_BMI,beta_smoking)=rho*se_BMI*se_smoking for every SNP","Stress-test only; rho is assumed, not estimated. Public summary data do not identify the true SNP-exposure covariance."
Spinal stenosis,Smoking initiation,530,-0.9,5.78961075503938,False,0.23894997983820912,1.5235260303214842e-05,"cov(beta_BMI,beta_smoking)=rho*se_BMI*se_smoking for every SNP","Stress-test only; rho is assumed, not estimated. Public summary data do not identify the true SNP-exposure covariance."
Spinal stenosis,BMI,530,-0.75,16.90942786125381,True,0.5092415389511814,1.01840382512237e-05,"cov(beta_BMI,beta_smoking)=rho*se_BMI*se_smoking for every SNP","Stress-test only; rho is assumed, not estimated. Public summary data do not identify the true SNP-exposure covariance."
Spinal stenosis,Smoking initiation,530,-0.75,5.957561437618419,False,0.23894997983820912,1.4827448386984631e-05,"cov(beta_BMI,beta_smoking)=rho*se_BMI*se_smoking for every SNP","Stress-test only; rho is assumed, not estimated. Public summary data do not identify the true SNP-exposure covariance."
Spinal stenosis,BMI,530,-0.5,19.719868048746566,True,0.5092415389511814,8.735514952440156e-06,"cov(beta_BMI,beta_smoking)=rho*se_BMI*se_smoking for every SNP","Stress-test only; rho is assumed, not estimated. Public summary data do not identify the true SNP-exposure covariance."
Spinal stenosis,Smoking initiation,530,-0.5,6.260251421125354,False,0.23894997983820912,1.4147761859934283e-05,"cov(beta_BMI,beta_smoking)=rho*se_BMI*se_smoking for every SNP","Stress-test only; rho is assumed, not estimated. Public summary data do not identify the true SNP-exposure covariance."
Spinal stenosis,BMI,530,-0.25,23.65076187328599,True,0.5092415389511814,7.2869916536566114e-06,"cov(beta_BMI,beta_smoking)=rho*se_BMI*se_smoking for every SNP","Stress-test only; rho is assumed, not estimated. Public summary data do not identify the true SNP-exposure covariance."
Spinal stenosis,Smoking initiation,530,-0.25,6.595374793920372,False,0.23894997983820912,1.3468075332883932e-05,"cov(beta_BMI,beta_smoking)=rho*se_BMI*se_smoking for every SNP","Stress-test only; rho is assumed, not estimated. Public summary data do not identify the true SNP-exposure covariance."
Spinal stenosis,BMI,530,0.0,29.53898359875553,True,0.5092415389511814,5.838468354873067e-06,"cov(beta_BMI,beta_smoking)=rho*se_BMI*se_smoking for every SNP","Stress-test only; rho is assumed, not estimated. Public summary data do not identify the true SNP-exposure covariance."
Spinal stenosis,Smoking initiation,530,0.0,6.968444964912016,False,0.23894997983820912,1.2788388805833581e-05,"cov(beta_BMI,beta_smoking)=rho*se_BMI*se_smoking for every SNP","Stress-test only; rho is assumed, not estimated. Public summary data do not identify the true SNP-exposure covariance."
Spinal stenosis,BMI,530,0.25,39.33113396033618,True,0.5092415389511814,4.389945056089522e-06,"cov(beta_BMI,beta_smoking)=rho*se_BMI*se_smoking for every SNP","Stress-test only; rho is assumed, not estimated. Public summary data do not identify the true SNP-exposure covariance."
Spinal stenosis,Smoking initiation,530,0.25,7.3863015003015935,False,0.23894997983820912,1.2067464238912803e-05,"cov(beta_BMI,beta_smoking)=rho*se_BMI*se_smoking for every SNP","Stress-test only; rho is assumed, not estimated. Public summary data do not identify the true SNP-exposure covariance."
Spinal stenosis,BMI,530,0.5,58.83526810933789,True,0.5092415389511814,2.941421757305977e-06,"cov(beta_BMI,beta_smoking)=rho*se_BMI*se_smoking for every SNP","Stress-test only; rho is assumed, not estimated. Public summary data do not identify the true SNP-exposure covariance."
Spinal stenosis,Smoking initiation,530,0.5,7.857534883138623,False,0.23894997983820912,1.1302664206944043e-05,"cov(beta_BMI,beta_smoking)=rho*se_BMI*se_smoking for every SNP","Stress-test only; rho is assumed, not estimated. Public summary data do not identify the true SNP-exposure covariance."
Spinal stenosis,BMI,530,0.75,116.71910164789257,True,0.5092415389511814,1.492898458522432e-06,"cov(beta_BMI,beta_smoking)=rho*se_BMI*se_smoking for every SNP","Stress-test only; rho is assumed, not estimated. Public summary data do not identify the true SNP-exposure covariance."
Spinal stenosis,Smoking initiation,530,0.75,8.393085943291632,False,0.23894997983820912,1.0537864174975282e-05,"cov(beta_BMI,beta_smoking)=rho*se_BMI*se_smoking for every SNP","Stress-test only; rho is assumed, not estimated. Public summary data do not identify the true SNP-exposure covariance."
Spinal stenosis,BMI,530,0.9,285.022218056947,True,0.5092415389511814,6.237844792523048e-07,"cov(beta_BMI,beta_smoking)=rho*se_BMI*se_smoking for every SNP","Stress-test only; rho is assumed, not estimated. Public summary data do not identify the true SNP-exposure covariance."
Spinal stenosis,Smoking initiation,530,0.9,8.75100957505252,False,0.23894997983820912,1.0078984155794025e-05,"cov(beta_BMI,beta_smoking)=rho*se_BMI*se_smoking for every SNP","Stress-test only; rho is assumed, not estimated. Public summary data do not identify the true SNP-exposure covariance."
