"SNP","in_BMI_instrument_set","in_smoking_initiation_instrument_set","need_BMI_beta_se_for_SNP","need_smoking_initiation_beta_se_for_SNP","need_FinnGen_IVDD_beta_se","need_FinnGen_spinal_stenosis_beta_se","note"
"rs10001365",FALSE,TRUE,TRUE,FALSE,TRUE,TRUE,"MVMR requires the same SNPs to have beta/se for BMI, smoking initiation, and each outcome after allele harmonisation."
"rs1003081",TRUE,FALSE,FALSE,TRUE,TRUE,TRUE,"MVMR requires the same SNPs to have beta/se for BMI, smoking initiation, and each outcome after allele harmonisation."
"rs10048652",TRUE,FALSE,FALSE,TRUE,TRUE,TRUE,"MVMR requires the same SNPs to have beta/se for BMI, smoking initiation, and each outcome after allele harmonisation."
"rs1006896",TRUE,FALSE,FALSE,TRUE,TRUE,TRUE,"MVMR requires the same SNPs to have beta/se for BMI, smoking initiation, and each outcome after allele harmonisation."
"rs10099330",TRUE,FALSE,FALSE,TRUE,TRUE,TRUE,"MVMR requires the same SNPs to have beta/se for BMI, smoking initiation, and each outcome after allele harmonisation."
"rs10114490",FALSE,TRUE,TRUE,FALSE,TRUE,TRUE,"MVMR requires the same SNPs to have beta/se for BMI, smoking initiation, and each outcome after allele harmonisation."
"rs10118701",TRUE,FALSE,FALSE,TRUE,TRUE,TRUE,"MVMR requires the same SNPs to have beta/se for BMI, smoking initiation, and each outcome after allele harmonisation."
"rs10132280",TRUE,FALSE,FALSE,TRUE,TRUE,TRUE,"MVMR requires the same SNPs to have beta/se for BMI, smoking initiation, and each outcome after allele harmonisation."
"rs10159545",FALSE,TRUE,TRUE,FALSE,TRUE,TRUE,"MVMR requires the same SNPs to have beta/se for BMI, smoking initiation, and each outcome after allele harmonisation."
"rs10163018",TRUE,FALSE,FALSE,TRUE,TRUE,TRUE,"MVMR requires the same SNPs to have beta/se for BMI, smoking initiation, and each outcome after allele harmonisation."
"rs10169594",TRUE,FALSE,FALSE,TRUE,TRUE,TRUE,"MVMR requires the same SNPs to have beta/se for BMI, smoking initiation, and each outcome after allele harmonisation."
"rs10182181",TRUE,FALSE,FALSE,TRUE,TRUE,TRUE,"MVMR requires the same SNPs to have beta/se for BMI, smoking initiation, and each outcome after allele harmonisation."
"rs1020548",TRUE,FALSE,FALSE,TRUE,TRUE,TRUE,"MVMR requires the same SNPs to have beta/se for BMI, smoking initiation, and each outcome after allele harmonisation."
"rs1021066",TRUE,FALSE,FALSE,TRUE,TRUE,TRUE,"MVMR requires the same SNPs to have beta/se for BMI, smoking initiation, and each outcome after allele harmonisation."
"rs10211055",TRUE,FALSE,FALSE,TRUE,TRUE,TRUE,"MVMR requires the same SNPs to have beta/se for BMI, smoking initiation, and each outcome after allele harmonisation."
"rs10233018",FALSE,TRUE,TRUE,FALSE,TRUE,TRUE,"MVMR requires the same SNPs to have beta/se for BMI, smoking initiation, and each outcome after allele harmonisation."
"rs10236214",TRUE,FALSE,FALSE,TRUE,TRUE,TRUE,"MVMR requires the same SNPs to have beta/se for BMI, smoking initiation, and each outcome after allele harmonisation."
"rs10247983",TRUE,FALSE,FALSE,TRUE,TRUE,TRUE,"MVMR requires the same SNPs to have beta/se for BMI, smoking initiation, and each outcome after allele harmonisation."
"rs10248136",TRUE,FALSE,FALSE,TRUE,TRUE,TRUE,"MVMR requires the same SNPs to have beta/se for BMI, smoking initiation, and each outcome after allele harmonisation."
"rs10250550",FALSE,TRUE,TRUE,FALSE,TRUE,TRUE,"MVMR requires the same SNPs to have beta/se for BMI, smoking initiation, and each outcome after allele harmonisation."
"rs10269783",TRUE,FALSE,FALSE,TRUE,TRUE,TRUE,"MVMR requires the same SNPs to have beta/se for BMI, smoking initiation, and each outcome after allele harmonisation."
"rs10279261",FALSE,TRUE,TRUE,FALSE,TRUE,TRUE,"MVMR requires the same SNPs to have beta/se for BMI, smoking initiation, and each outcome after allele harmonisation."
"rs1040101",TRUE,FALSE,FALSE,TRUE,TRUE,TRUE,"MVMR requires the same SNPs to have beta/se for BMI, smoking initiation, and each outcome after allele harmonisation."
"rs1048932",TRUE,FALSE,FALSE,TRUE,TRUE,TRUE,"MVMR requires the same SNPs to have beta/se for BMI, smoking initiation, and each outcome after allele harmonisation."
"rs10498846",FALSE,TRUE,TRUE,FALSE,TRUE,TRUE,"MVMR requires the same SNPs to have beta/se for BMI, smoking initiation, and each outcome after allele harmonisation."
"rs1050847",FALSE,TRUE,TRUE,FALSE,TRUE,TRUE,"MVMR requires the same SNPs to have beta/se for BMI, smoking initiation, and each outcome after allele harmonisation."
"rs10510419",TRUE,FALSE,FALSE,TRUE,TRUE,TRUE,"MVMR requires the same SNPs to have beta/se for BMI, smoking initiation, and each outcome after allele harmonisation."
"rs1064213",TRUE,FALSE,FALSE,TRUE,TRUE,TRUE,"MVMR requires the same SNPs to have beta/se for BMI, smoking initiation, and each outcome after allele harmonisation."
"rs10733051",TRUE,FALSE,FALSE,TRUE,TRUE,TRUE,"MVMR requires the same SNPs to have beta/se for BMI, smoking initiation, and each outcome after allele harmonisation."
"rs10742752",TRUE,FALSE,FALSE,TRUE,TRUE,TRUE,"MVMR requires the same SNPs to have beta/se for BMI, smoking initiation, and each outcome after allele harmonisation."
"rs10746862",TRUE,FALSE,FALSE,TRUE,TRUE,TRUE,"MVMR requires the same SNPs to have beta/se for BMI, smoking initiation, and each outcome after allele harmonisation."
"rs1075901",TRUE,FALSE,FALSE,TRUE,TRUE,TRUE,"MVMR requires the same SNPs to have beta/se for BMI, smoking initiation, and each outcome after allele harmonisation."
"rs10772983",TRUE,FALSE,FALSE,TRUE,TRUE,TRUE,"MVMR requires the same SNPs to have beta/se for BMI, smoking initiation, and each outcome after allele harmonisation."
"rs10777193",TRUE,FALSE,FALSE,TRUE,TRUE,TRUE,"MVMR requires the same SNPs to have beta/se for BMI, smoking initiation, and each outcome after allele harmonisation."
"rs10811871",TRUE,FALSE,FALSE,TRUE,TRUE,TRUE,"MVMR requires the same SNPs to have beta/se for BMI, smoking initiation, and each outcome after allele harmonisation."
"rs10838202",TRUE,FALSE,FALSE,TRUE,TRUE,TRUE,"MVMR requires the same SNPs to have beta/se for BMI, smoking initiation, and each outcome after allele harmonisation."
"rs10840099",TRUE,FALSE,FALSE,TRUE,TRUE,TRUE,"MVMR requires the same SNPs to have beta/se for BMI, smoking initiation, and each outcome after allele harmonisation."
"rs10858334",TRUE,FALSE,FALSE,TRUE,TRUE,TRUE,"MVMR requires the same SNPs to have beta/se for BMI, smoking initiation, and each outcome after allele harmonisation."
"rs10867256",TRUE,FALSE,FALSE,TRUE,TRUE,TRUE,"MVMR requires the same SNPs to have beta/se for BMI, smoking initiation, and each outcome after allele harmonisation."
"rs10871781",TRUE,FALSE,FALSE,TRUE,TRUE,TRUE,"MVMR requires the same SNPs to have beta/se for BMI, smoking initiation, and each outcome after allele harmonisation."
"rs10876418",TRUE,FALSE,FALSE,TRUE,TRUE,TRUE,"MVMR requires the same SNPs to have beta/se for BMI, smoking initiation, and each outcome after allele harmonisation."
"rs10878946",TRUE,FALSE,FALSE,TRUE,TRUE,TRUE,"MVMR requires the same SNPs to have beta/se for BMI, smoking initiation, and each outcome after allele harmonisation."
"rs10887578",TRUE,FALSE,FALSE,TRUE,TRUE,TRUE,"MVMR requires the same SNPs to have beta/se for BMI, smoking initiation, and each outcome after allele harmonisation."
"rs10894670",TRUE,FALSE,FALSE,TRUE,TRUE,TRUE,"MVMR requires the same SNPs to have beta/se for BMI, smoking initiation, and each outcome after allele harmonisation."
"rs10905461",FALSE,TRUE,TRUE,FALSE,TRUE,TRUE,"MVMR requires the same SNPs to have beta/se for BMI, smoking initiation, and each outcome after allele harmonisation."
"rs10914462",TRUE,FALSE,FALSE,TRUE,TRUE,TRUE,"MVMR requires the same SNPs to have beta/se for BMI, smoking initiation, and each outcome after allele harmonisation."
"rs10915840",TRUE,FALSE,FALSE,TRUE,TRUE,TRUE,"MVMR requires the same SNPs to have beta/se for BMI, smoking initiation, and each outcome after allele harmonisation."
"rs10920678",TRUE,FALSE,FALSE,TRUE,TRUE,TRUE,"MVMR requires the same SNPs to have beta/se for BMI, smoking initiation, and each outcome after allele harmonisation."
"rs10927006",TRUE,FALSE,FALSE,TRUE,TRUE,TRUE,"MVMR requires the same SNPs to have beta/se for BMI, smoking initiation, and each outcome after allele harmonisation."
"rs10953740",TRUE,FALSE,FALSE,TRUE,TRUE,TRUE,"MVMR requires the same SNPs to have beta/se for BMI, smoking initiation, and each outcome after allele harmonisation."
"rs10962550",TRUE,FALSE,FALSE,TRUE,TRUE,TRUE,"MVMR requires the same SNPs to have beta/se for BMI, smoking initiation, and each outcome after allele harmonisation."
"rs10968114",TRUE,FALSE,FALSE,TRUE,TRUE,TRUE,"MVMR requires the same SNPs to have beta/se for BMI, smoking initiation, and each outcome after allele harmonisation."
"rs10971709",TRUE,FALSE,FALSE,TRUE,TRUE,TRUE,"MVMR requires the same SNPs to have beta/se for BMI, smoking initiation, and each outcome after allele harmonisation."
"rs10984752",TRUE,FALSE,FALSE,TRUE,TRUE,TRUE,"MVMR requires the same SNPs to have beta/se for BMI, smoking initiation, and each outcome after allele harmonisation."
"rs11030104",TRUE,FALSE,FALSE,TRUE,TRUE,TRUE,"MVMR requires the same SNPs to have beta/se for BMI, smoking initiation, and each outcome after allele harmonisation."
"rs11044430",TRUE,FALSE,FALSE,TRUE,TRUE,TRUE,"MVMR requires the same SNPs to have beta/se for BMI, smoking initiation, and each outcome after allele harmonisation."
"rs11057005",FALSE,TRUE,TRUE,FALSE,TRUE,TRUE,"MVMR requires the same SNPs to have beta/se for BMI, smoking initiation, and each outcome after allele harmonisation."
"rs11078713",FALSE,TRUE,TRUE,FALSE,TRUE,TRUE,"MVMR requires the same SNPs to have beta/se for BMI, smoking initiation, and each outcome after allele harmonisation."
"rs11118308",TRUE,FALSE,FALSE,TRUE,TRUE,TRUE,"MVMR requires the same SNPs to have beta/se for BMI, smoking initiation, and each outcome after allele harmonisation."
"rs11150911",TRUE,FALSE,FALSE,TRUE,TRUE,TRUE,"MVMR requires the same SNPs to have beta/se for BMI, smoking initiation, and each outcome after allele harmonisation."
"rs11162019",FALSE,TRUE,TRUE,FALSE,TRUE,TRUE,"MVMR requires the same SNPs to have beta/se for BMI, smoking initiation, and each outcome after allele harmonisation."
"rs11165493",TRUE,FALSE,FALSE,TRUE,TRUE,TRUE,"MVMR requires the same SNPs to have beta/se for BMI, smoking initiation, and each outcome after allele harmonisation."
"rs11173522",TRUE,FALSE,FALSE,TRUE,TRUE,TRUE,"MVMR requires the same SNPs to have beta/se for BMI, smoking initiation, and each outcome after allele harmonisation."
"rs11185111",TRUE,FALSE,FALSE,TRUE,TRUE,TRUE,"MVMR requires the same SNPs to have beta/se for BMI, smoking initiation, and each outcome after allele harmonisation."
"rs11251352",TRUE,FALSE,FALSE,TRUE,TRUE,TRUE,"MVMR requires the same SNPs to have beta/se for BMI, smoking initiation, and each outcome after allele harmonisation."
"rs11496125",TRUE,FALSE,FALSE,TRUE,TRUE,TRUE,"MVMR requires the same SNPs to have beta/se for BMI, smoking initiation, and each outcome after allele harmonisation."
"rs11505821",TRUE,FALSE,FALSE,TRUE,TRUE,TRUE,"MVMR requires the same SNPs to have beta/se for BMI, smoking initiation, and each outcome after allele harmonisation."
"rs11533200",TRUE,FALSE,FALSE,TRUE,TRUE,TRUE,"MVMR requires the same SNPs to have beta/se for BMI, smoking initiation, and each outcome after allele harmonisation."
"rs11538",TRUE,FALSE,FALSE,TRUE,TRUE,TRUE,"MVMR requires the same SNPs to have beta/se for BMI, smoking initiation, and each outcome after allele harmonisation."
"rs11544336",TRUE,FALSE,FALSE,TRUE,TRUE,TRUE,"MVMR requires the same SNPs to have beta/se for BMI, smoking initiation, and each outcome after allele harmonisation."
"rs1154693",FALSE,TRUE,TRUE,FALSE,TRUE,TRUE,"MVMR requires the same SNPs to have beta/se for BMI, smoking initiation, and each outcome after allele harmonisation."
"rs1158805",TRUE,FALSE,FALSE,TRUE,TRUE,TRUE,"MVMR requires the same SNPs to have beta/se for BMI, smoking initiation, and each outcome after allele harmonisation."
"rs1160685",FALSE,TRUE,TRUE,FALSE,TRUE,TRUE,"MVMR requires the same SNPs to have beta/se for BMI, smoking initiation, and each outcome after allele harmonisation."
"rs11611246",TRUE,FALSE,FALSE,TRUE,TRUE,TRUE,"MVMR requires the same SNPs to have beta/se for BMI, smoking initiation, and each outcome after allele harmonisation."
"rs11611496",TRUE,FALSE,FALSE,TRUE,TRUE,TRUE,"MVMR requires the same SNPs to have beta/se for BMI, smoking initiation, and each outcome after allele harmonisation."
"rs11615578",TRUE,FALSE,FALSE,TRUE,TRUE,TRUE,"MVMR requires the same SNPs to have beta/se for BMI, smoking initiation, and each outcome after allele harmonisation."
"rs11633626",TRUE,FALSE,FALSE,TRUE,TRUE,TRUE,"MVMR requires the same SNPs to have beta/se for BMI, smoking initiation, and each outcome after allele harmonisation."
"rs11644598",TRUE,FALSE,FALSE,TRUE,TRUE,TRUE,"MVMR requires the same SNPs to have beta/se for BMI, smoking initiation, and each outcome after allele harmonisation."
"rs11650542",TRUE,FALSE,FALSE,TRUE,TRUE,TRUE,"MVMR requires the same SNPs to have beta/se for BMI, smoking initiation, and each outcome after allele harmonisation."
"rs11656076",TRUE,FALSE,FALSE,TRUE,TRUE,TRUE,"MVMR requires the same SNPs to have beta/se for BMI, smoking initiation, and each outcome after allele harmonisation."
"rs11658881",FALSE,TRUE,TRUE,FALSE,TRUE,TRUE,"MVMR requires the same SNPs to have beta/se for BMI, smoking initiation, and each outcome after allele harmonisation."
"rs11668301",TRUE,FALSE,FALSE,TRUE,TRUE,TRUE,"MVMR requires the same SNPs to have beta/se for BMI, smoking initiation, and each outcome after allele harmonisation."
"rs11700187",TRUE,FALSE,FALSE,TRUE,TRUE,TRUE,"MVMR requires the same SNPs to have beta/se for BMI, smoking initiation, and each outcome after allele harmonisation."
"rs11712680",FALSE,TRUE,TRUE,FALSE,TRUE,TRUE,"MVMR requires the same SNPs to have beta/se for BMI, smoking initiation, and each outcome after allele harmonisation."
"rs11713193",TRUE,FALSE,FALSE,TRUE,TRUE,TRUE,"MVMR requires the same SNPs to have beta/se for BMI, smoking initiation, and each outcome after allele harmonisation."
"rs117143374",FALSE,TRUE,TRUE,FALSE,TRUE,TRUE,"MVMR requires the same SNPs to have beta/se for BMI, smoking initiation, and each outcome after allele harmonisation."
"rs11736228",TRUE,FALSE,FALSE,TRUE,TRUE,TRUE,"MVMR requires the same SNPs to have beta/se for BMI, smoking initiation, and each outcome after allele harmonisation."
"rs11739877",TRUE,FALSE,FALSE,TRUE,TRUE,TRUE,"MVMR requires the same SNPs to have beta/se for BMI, smoking initiation, and each outcome after allele harmonisation."
"rs11773362",TRUE,FALSE,FALSE,TRUE,TRUE,TRUE,"MVMR requires the same SNPs to have beta/se for BMI, smoking initiation, and each outcome after allele harmonisation."
"rs11783247",TRUE,FALSE,FALSE,TRUE,TRUE,TRUE,"MVMR requires the same SNPs to have beta/se for BMI, smoking initiation, and each outcome after allele harmonisation."
"rs11872397",FALSE,TRUE,TRUE,FALSE,TRUE,TRUE,"MVMR requires the same SNPs to have beta/se for BMI, smoking initiation, and each outcome after allele harmonisation."
"rs1187352",TRUE,FALSE,FALSE,TRUE,TRUE,TRUE,"MVMR requires the same SNPs to have beta/se for BMI, smoking initiation, and each outcome after allele harmonisation."
"rs11874286",TRUE,FALSE,FALSE,TRUE,TRUE,TRUE,"MVMR requires the same SNPs to have beta/se for BMI, smoking initiation, and each outcome after allele harmonisation."
"rs11880870",TRUE,FALSE,FALSE,TRUE,TRUE,TRUE,"MVMR requires the same SNPs to have beta/se for BMI, smoking initiation, and each outcome after allele harmonisation."
"rs11889536",TRUE,FALSE,FALSE,TRUE,TRUE,TRUE,"MVMR requires the same SNPs to have beta/se for BMI, smoking initiation, and each outcome after allele harmonisation."
"rs11904490",TRUE,FALSE,FALSE,TRUE,TRUE,TRUE,"MVMR requires the same SNPs to have beta/se for BMI, smoking initiation, and each outcome after allele harmonisation."
"rs11945861",TRUE,FALSE,FALSE,TRUE,TRUE,TRUE,"MVMR requires the same SNPs to have beta/se for BMI, smoking initiation, and each outcome after allele harmonisation."
"rs11951673",TRUE,FALSE,FALSE,TRUE,TRUE,TRUE,"MVMR requires the same SNPs to have beta/se for BMI, smoking initiation, and each outcome after allele harmonisation."
"rs12025237",FALSE,TRUE,TRUE,FALSE,TRUE,TRUE,"MVMR requires the same SNPs to have beta/se for BMI, smoking initiation, and each outcome after allele harmonisation."
"rs12033257",TRUE,FALSE,FALSE,TRUE,TRUE,TRUE,"MVMR requires the same SNPs to have beta/se for BMI, smoking initiation, and each outcome after allele harmonisation."
"rs12041258",TRUE,FALSE,FALSE,TRUE,TRUE,TRUE,"MVMR requires the same SNPs to have beta/se for BMI, smoking initiation, and each outcome after allele harmonisation."
"rs12042107",FALSE,TRUE,TRUE,FALSE,TRUE,TRUE,"MVMR requires the same SNPs to have beta/se for BMI, smoking initiation, and each outcome after allele harmonisation."
"rs12044597",TRUE,FALSE,FALSE,TRUE,TRUE,TRUE,"MVMR requires the same SNPs to have beta/se for BMI, smoking initiation, and each outcome after allele harmonisation."
"rs12049202",TRUE,FALSE,FALSE,TRUE,TRUE,TRUE,"MVMR requires the same SNPs to have beta/se for BMI, smoking initiation, and each outcome after allele harmonisation."
"rs12098284",TRUE,FALSE,FALSE,TRUE,TRUE,TRUE,"MVMR requires the same SNPs to have beta/se for BMI, smoking initiation, and each outcome after allele harmonisation."
"rs12112638",FALSE,TRUE,TRUE,FALSE,TRUE,TRUE,"MVMR requires the same SNPs to have beta/se for BMI, smoking initiation, and each outcome after allele harmonisation."
"rs12186738",FALSE,TRUE,TRUE,FALSE,TRUE,TRUE,"MVMR requires the same SNPs to have beta/se for BMI, smoking initiation, and each outcome after allele harmonisation."
"rs1218822",TRUE,FALSE,FALSE,TRUE,TRUE,TRUE,"MVMR requires the same SNPs to have beta/se for BMI, smoking initiation, and each outcome after allele harmonisation."
"rs12328930",TRUE,FALSE,FALSE,TRUE,TRUE,TRUE,"MVMR requires the same SNPs to have beta/se for BMI, smoking initiation, and each outcome after allele harmonisation."
"rs12333760",FALSE,TRUE,TRUE,FALSE,TRUE,TRUE,"MVMR requires the same SNPs to have beta/se for BMI, smoking initiation, and each outcome after allele harmonisation."
"rs12334877",TRUE,FALSE,FALSE,TRUE,TRUE,TRUE,"MVMR requires the same SNPs to have beta/se for BMI, smoking initiation, and each outcome after allele harmonisation."
"rs12356821",FALSE,TRUE,TRUE,FALSE,TRUE,TRUE,"MVMR requires the same SNPs to have beta/se for BMI, smoking initiation, and each outcome after allele harmonisation."
"rs12364470",TRUE,FALSE,FALSE,TRUE,TRUE,TRUE,"MVMR requires the same SNPs to have beta/se for BMI, smoking initiation, and each outcome after allele harmonisation."
"rs12369179",TRUE,FALSE,FALSE,TRUE,TRUE,TRUE,"MVMR requires the same SNPs to have beta/se for BMI, smoking initiation, and each outcome after allele harmonisation."
"rs12416812",TRUE,FALSE,FALSE,TRUE,TRUE,TRUE,"MVMR requires the same SNPs to have beta/se for BMI, smoking initiation, and each outcome after allele harmonisation."
"rs1241986",TRUE,FALSE,FALSE,TRUE,TRUE,TRUE,"MVMR requires the same SNPs to have beta/se for BMI, smoking initiation, and each outcome after allele harmonisation."
"rs12429545",TRUE,FALSE,FALSE,TRUE,TRUE,TRUE,"MVMR requires the same SNPs to have beta/se for BMI, smoking initiation, and each outcome after allele harmonisation."
"rs12437457",TRUE,FALSE,FALSE,TRUE,TRUE,TRUE,"MVMR requires the same SNPs to have beta/se for BMI, smoking initiation, and each outcome after allele harmonisation."
"rs12439829",TRUE,FALSE,FALSE,TRUE,TRUE,TRUE,"MVMR requires the same SNPs to have beta/se for BMI, smoking initiation, and each outcome after allele harmonisation."
"rs12448257",TRUE,FALSE,FALSE,TRUE,TRUE,TRUE,"MVMR requires the same SNPs to have beta/se for BMI, smoking initiation, and each outcome after allele harmonisation."
"rs12448738",TRUE,FALSE,FALSE,TRUE,TRUE,TRUE,"MVMR requires the same SNPs to have beta/se for BMI, smoking initiation, and each outcome after allele harmonisation."
"rs12474587",FALSE,TRUE,TRUE,FALSE,TRUE,TRUE,"MVMR requires the same SNPs to have beta/se for BMI, smoking initiation, and each outcome after allele harmonisation."
"rs12517185",TRUE,FALSE,FALSE,TRUE,TRUE,TRUE,"MVMR requires the same SNPs to have beta/se for BMI, smoking initiation, and each outcome after allele harmonisation."
"rs12545053",FALSE,TRUE,TRUE,FALSE,TRUE,TRUE,"MVMR requires the same SNPs to have beta/se for BMI, smoking initiation, and each outcome after allele harmonisation."
"rs12564992",TRUE,FALSE,FALSE,TRUE,TRUE,TRUE,"MVMR requires the same SNPs to have beta/se for BMI, smoking initiation, and each outcome after allele harmonisation."
"rs12587412",TRUE,FALSE,FALSE,TRUE,TRUE,TRUE,"MVMR requires the same SNPs to have beta/se for BMI, smoking initiation, and each outcome after allele harmonisation."
"rs12595749",TRUE,FALSE,FALSE,TRUE,TRUE,TRUE,"MVMR requires the same SNPs to have beta/se for BMI, smoking initiation, and each outcome after allele harmonisation."
"rs12602912",TRUE,FALSE,FALSE,TRUE,TRUE,TRUE,"MVMR requires the same SNPs to have beta/se for BMI, smoking initiation, and each outcome after allele harmonisation."
"rs1260326",TRUE,FALSE,FALSE,TRUE,TRUE,TRUE,"MVMR requires the same SNPs to have beta/se for BMI, smoking initiation, and each outcome after allele harmonisation."
"rs12608738",TRUE,FALSE,FALSE,TRUE,TRUE,TRUE,"MVMR requires the same SNPs to have beta/se for BMI, smoking initiation, and each outcome after allele harmonisation."
"rs12632110",FALSE,TRUE,TRUE,FALSE,TRUE,TRUE,"MVMR requires the same SNPs to have beta/se for BMI, smoking initiation, and each outcome after allele harmonisation."
"rs12641981",TRUE,FALSE,FALSE,TRUE,TRUE,TRUE,"MVMR requires the same SNPs to have beta/se for BMI, smoking initiation, and each outcome after allele harmonisation."
"rs1268070",TRUE,FALSE,FALSE,TRUE,TRUE,TRUE,"MVMR requires the same SNPs to have beta/se for BMI, smoking initiation, and each outcome after allele harmonisation."
"rs12680842",TRUE,FALSE,FALSE,TRUE,TRUE,TRUE,"MVMR requires the same SNPs to have beta/se for BMI, smoking initiation, and each outcome after allele harmonisation."
"rs12694050",TRUE,FALSE,FALSE,TRUE,TRUE,TRUE,"MVMR requires the same SNPs to have beta/se for BMI, smoking initiation, and each outcome after allele harmonisation."
"rs12718572",TRUE,FALSE,FALSE,TRUE,TRUE,TRUE,"MVMR requires the same SNPs to have beta/se for BMI, smoking initiation, and each outcome after allele harmonisation."
"rs12762034",TRUE,FALSE,FALSE,TRUE,TRUE,TRUE,"MVMR requires the same SNPs to have beta/se for BMI, smoking initiation, and each outcome after allele harmonisation."
"rs12779328",TRUE,FALSE,FALSE,TRUE,TRUE,TRUE,"MVMR requires the same SNPs to have beta/se for BMI, smoking initiation, and each outcome after allele harmonisation."
"rs12795042",TRUE,FALSE,FALSE,TRUE,TRUE,TRUE,"MVMR requires the same SNPs to have beta/se for BMI, smoking initiation, and each outcome after allele harmonisation."
"rs1285997",TRUE,FALSE,FALSE,TRUE,TRUE,TRUE,"MVMR requires the same SNPs to have beta/se for BMI, smoking initiation, and each outcome after allele harmonisation."
"rs12881629",TRUE,FALSE,FALSE,TRUE,TRUE,TRUE,"MVMR requires the same SNPs to have beta/se for BMI, smoking initiation, and each outcome after allele harmonisation."
"rs12887636",TRUE,FALSE,FALSE,TRUE,TRUE,TRUE,"MVMR requires the same SNPs to have beta/se for BMI, smoking initiation, and each outcome after allele harmonisation."
"rs12888545",TRUE,FALSE,FALSE,TRUE,TRUE,TRUE,"MVMR requires the same SNPs to have beta/se for BMI, smoking initiation, and each outcome after allele harmonisation."
"rs12888955",TRUE,FALSE,FALSE,TRUE,TRUE,TRUE,"MVMR requires the same SNPs to have beta/se for BMI, smoking initiation, and each outcome after allele harmonisation."
"rs12899905",TRUE,FALSE,FALSE,TRUE,TRUE,TRUE,"MVMR requires the same SNPs to have beta/se for BMI, smoking initiation, and each outcome after allele harmonisation."
"rs12904761",TRUE,FALSE,FALSE,TRUE,TRUE,TRUE,"MVMR requires the same SNPs to have beta/se for BMI, smoking initiation, and each outcome after allele harmonisation."
"rs12905439",TRUE,FALSE,FALSE,TRUE,TRUE,TRUE,"MVMR requires the same SNPs to have beta/se for BMI, smoking initiation, and each outcome after allele harmonisation."
"rs12922346",TRUE,FALSE,FALSE,TRUE,TRUE,TRUE,"MVMR requires the same SNPs to have beta/se for BMI, smoking initiation, and each outcome after allele harmonisation."
"rs12933482",TRUE,FALSE,FALSE,TRUE,TRUE,TRUE,"MVMR requires the same SNPs to have beta/se for BMI, smoking initiation, and each outcome after allele harmonisation."
"rs12936083",TRUE,FALSE,FALSE,TRUE,TRUE,TRUE,"MVMR requires the same SNPs to have beta/se for BMI, smoking initiation, and each outcome after allele harmonisation."
"rs12939549",TRUE,FALSE,FALSE,TRUE,TRUE,TRUE,"MVMR requires the same SNPs to have beta/se for BMI, smoking initiation, and each outcome after allele harmonisation."
"rs1296328",TRUE,FALSE,FALSE,TRUE,TRUE,TRUE,"MVMR requires the same SNPs to have beta/se for BMI, smoking initiation, and each outcome after allele harmonisation."
"rs12981256",TRUE,FALSE,FALSE,TRUE,TRUE,TRUE,"MVMR requires the same SNPs to have beta/se for BMI, smoking initiation, and each outcome after allele harmonisation."
"rs12998411",TRUE,FALSE,FALSE,TRUE,TRUE,TRUE,"MVMR requires the same SNPs to have beta/se for BMI, smoking initiation, and each outcome after allele harmonisation."
"rs13021737",TRUE,FALSE,FALSE,TRUE,TRUE,TRUE,"MVMR requires the same SNPs to have beta/se for BMI, smoking initiation, and each outcome after allele harmonisation."
"rs13030994",FALSE,TRUE,TRUE,FALSE,TRUE,TRUE,"MVMR requires the same SNPs to have beta/se for BMI, smoking initiation, and each outcome after allele harmonisation."
"rs13047416",TRUE,FALSE,FALSE,TRUE,TRUE,TRUE,"MVMR requires the same SNPs to have beta/se for BMI, smoking initiation, and each outcome after allele harmonisation."
"rs13069244",TRUE,FALSE,FALSE,TRUE,TRUE,TRUE,"MVMR requires the same SNPs to have beta/se for BMI, smoking initiation, and each outcome after allele harmonisation."
"rs13107325",TRUE,FALSE,FALSE,TRUE,TRUE,TRUE,"MVMR requires the same SNPs to have beta/se for BMI, smoking initiation, and each outcome after allele harmonisation."
"rs13110266",TRUE,FALSE,FALSE,TRUE,TRUE,TRUE,"MVMR requires the same SNPs to have beta/se for BMI, smoking initiation, and each outcome after allele harmonisation."
"rs13145728",FALSE,TRUE,TRUE,FALSE,TRUE,TRUE,"MVMR requires the same SNPs to have beta/se for BMI, smoking initiation, and each outcome after allele harmonisation."
"rs13147390",TRUE,FALSE,FALSE,TRUE,TRUE,TRUE,"MVMR requires the same SNPs to have beta/se for BMI, smoking initiation, and each outcome after allele harmonisation."
"rs13174863",TRUE,FALSE,FALSE,TRUE,TRUE,TRUE,"MVMR requires the same SNPs to have beta/se for BMI, smoking initiation, and each outcome after allele harmonisation."
"rs13191362",TRUE,FALSE,FALSE,TRUE,TRUE,TRUE,"MVMR requires the same SNPs to have beta/se for BMI, smoking initiation, and each outcome after allele harmonisation."
"rs1320903",TRUE,FALSE,FALSE,TRUE,TRUE,TRUE,"MVMR requires the same SNPs to have beta/se for BMI, smoking initiation, and each outcome after allele harmonisation."
"rs1321432",TRUE,FALSE,FALSE,TRUE,TRUE,TRUE,"MVMR requires the same SNPs to have beta/se for BMI, smoking initiation, and each outcome after allele harmonisation."
"rs13240600",TRUE,FALSE,FALSE,TRUE,TRUE,TRUE,"MVMR requires the same SNPs to have beta/se for BMI, smoking initiation, and each outcome after allele harmonisation."
"rs13247665",TRUE,FALSE,FALSE,TRUE,TRUE,TRUE,"MVMR requires the same SNPs to have beta/se for BMI, smoking initiation, and each outcome after allele harmonisation."
"rs13263601",TRUE,FALSE,FALSE,TRUE,TRUE,TRUE,"MVMR requires the same SNPs to have beta/se for BMI, smoking initiation, and each outcome after allele harmonisation."
"rs13287131",TRUE,FALSE,FALSE,TRUE,TRUE,TRUE,"MVMR requires the same SNPs to have beta/se for BMI, smoking initiation, and each outcome after allele harmonisation."
"rs134529",FALSE,TRUE,TRUE,FALSE,TRUE,TRUE,"MVMR requires the same SNPs to have beta/se for BMI, smoking initiation, and each outcome after allele harmonisation."
"rs1350430",TRUE,FALSE,FALSE,TRUE,TRUE,TRUE,"MVMR requires the same SNPs to have beta/se for BMI, smoking initiation, and each outcome after allele harmonisation."
"rs1358980",TRUE,FALSE,FALSE,TRUE,TRUE,TRUE,"MVMR requires the same SNPs to have beta/se for BMI, smoking initiation, and each outcome after allele harmonisation."
"rs1362910",TRUE,FALSE,FALSE,TRUE,TRUE,TRUE,"MVMR requires the same SNPs to have beta/se for BMI, smoking initiation, and each outcome after allele harmonisation."
"rs1371108",TRUE,FALSE,FALSE,TRUE,TRUE,TRUE,"MVMR requires the same SNPs to have beta/se for BMI, smoking initiation, and each outcome after allele harmonisation."
"rs1374111",TRUE,FALSE,FALSE,TRUE,TRUE,TRUE,"MVMR requires the same SNPs to have beta/se for BMI, smoking initiation, and each outcome after allele harmonisation."
"rs138289",TRUE,FALSE,FALSE,TRUE,TRUE,TRUE,"MVMR requires the same SNPs to have beta/se for BMI, smoking initiation, and each outcome after allele harmonisation."
"rs1385108",FALSE,TRUE,TRUE,FALSE,TRUE,TRUE,"MVMR requires the same SNPs to have beta/se for BMI, smoking initiation, and each outcome after allele harmonisation."
"rs1405348",TRUE,FALSE,FALSE,TRUE,TRUE,TRUE,"MVMR requires the same SNPs to have beta/se for BMI, smoking initiation, and each outcome after allele harmonisation."
"rs1409818",TRUE,FALSE,FALSE,TRUE,TRUE,TRUE,"MVMR requires the same SNPs to have beta/se for BMI, smoking initiation, and each outcome after allele harmonisation."
"rs1412235",TRUE,FALSE,FALSE,TRUE,TRUE,TRUE,"MVMR requires the same SNPs to have beta/se for BMI, smoking initiation, and each outcome after allele harmonisation."
"rs1431659",TRUE,FALSE,FALSE,TRUE,TRUE,TRUE,"MVMR requires the same SNPs to have beta/se for BMI, smoking initiation, and each outcome after allele harmonisation."
"rs1433976",TRUE,FALSE,FALSE,TRUE,TRUE,TRUE,"MVMR requires the same SNPs to have beta/se for BMI, smoking initiation, and each outcome after allele harmonisation."
"rs1435741",FALSE,TRUE,TRUE,FALSE,TRUE,TRUE,"MVMR requires the same SNPs to have beta/se for BMI, smoking initiation, and each outcome after allele harmonisation."
"rs1436343",TRUE,FALSE,FALSE,TRUE,TRUE,TRUE,"MVMR requires the same SNPs to have beta/se for BMI, smoking initiation, and each outcome after allele harmonisation."
"rs1445649",FALSE,TRUE,TRUE,FALSE,TRUE,TRUE,"MVMR requires the same SNPs to have beta/se for BMI, smoking initiation, and each outcome after allele harmonisation."
"rs1451533",TRUE,FALSE,FALSE,TRUE,TRUE,TRUE,"MVMR requires the same SNPs to have beta/se for BMI, smoking initiation, and each outcome after allele harmonisation."
"rs1452075",TRUE,FALSE,FALSE,TRUE,TRUE,TRUE,"MVMR requires the same SNPs to have beta/se for BMI, smoking initiation, and each outcome after allele harmonisation."
"rs1460676",TRUE,FALSE,FALSE,TRUE,TRUE,TRUE,"MVMR requires the same SNPs to have beta/se for BMI, smoking initiation, and each outcome after allele harmonisation."
"rs1462496",TRUE,FALSE,FALSE,TRUE,TRUE,TRUE,"MVMR requires the same SNPs to have beta/se for BMI, smoking initiation, and each outcome after allele harmonisation."
"rs1465900",TRUE,FALSE,FALSE,TRUE,TRUE,TRUE,"MVMR requires the same SNPs to have beta/se for BMI, smoking initiation, and each outcome after allele harmonisation."
"rs1476322",TRUE,FALSE,FALSE,TRUE,TRUE,TRUE,"MVMR requires the same SNPs to have beta/se for BMI, smoking initiation, and each outcome after allele harmonisation."
"rs1484375",TRUE,FALSE,FALSE,TRUE,TRUE,TRUE,"MVMR requires the same SNPs to have beta/se for BMI, smoking initiation, and each outcome after allele harmonisation."
"rs1492767",TRUE,FALSE,FALSE,TRUE,TRUE,TRUE,"MVMR requires the same SNPs to have beta/se for BMI, smoking initiation, and each outcome after allele harmonisation."
"rs1521527",TRUE,FALSE,FALSE,TRUE,TRUE,TRUE,"MVMR requires the same SNPs to have beta/se for BMI, smoking initiation, and each outcome after allele harmonisation."
"rs1522569",TRUE,FALSE,FALSE,TRUE,TRUE,TRUE,"MVMR requires the same SNPs to have beta/se for BMI, smoking initiation, and each outcome after allele harmonisation."
"rs1535660",TRUE,FALSE,FALSE,TRUE,TRUE,TRUE,"MVMR requires the same SNPs to have beta/se for BMI, smoking initiation, and each outcome after allele harmonisation."
"rs1538247",TRUE,FALSE,FALSE,TRUE,TRUE,TRUE,"MVMR requires the same SNPs to have beta/se for BMI, smoking initiation, and each outcome after allele harmonisation."
"rs1544459",TRUE,FALSE,FALSE,TRUE,TRUE,TRUE,"MVMR requires the same SNPs to have beta/se for BMI, smoking initiation, and each outcome after allele harmonisation."
"rs1552893",TRUE,FALSE,FALSE,TRUE,TRUE,TRUE,"MVMR requires the same SNPs to have beta/se for BMI, smoking initiation, and each outcome after allele harmonisation."
"rs1555445",FALSE,TRUE,TRUE,FALSE,TRUE,TRUE,"MVMR requires the same SNPs to have beta/se for BMI, smoking initiation, and each outcome after allele harmonisation."
"rs156198",TRUE,FALSE,FALSE,TRUE,TRUE,TRUE,"MVMR requires the same SNPs to have beta/se for BMI, smoking initiation, and each outcome after allele harmonisation."
"rs1565735",FALSE,TRUE,TRUE,FALSE,TRUE,TRUE,"MVMR requires the same SNPs to have beta/se for BMI, smoking initiation, and each outcome after allele harmonisation."
"rs1579557",TRUE,FALSE,FALSE,TRUE,TRUE,TRUE,"MVMR requires the same SNPs to have beta/se for BMI, smoking initiation, and each outcome after allele harmonisation."
"rs1656377",TRUE,FALSE,FALSE,TRUE,TRUE,TRUE,"MVMR requires the same SNPs to have beta/se for BMI, smoking initiation, and each outcome after allele harmonisation."
"rs16849710",TRUE,FALSE,FALSE,TRUE,TRUE,TRUE,"MVMR requires the same SNPs to have beta/se for BMI, smoking initiation, and each outcome after allele harmonisation."
"rs16851483",TRUE,FALSE,FALSE,TRUE,TRUE,TRUE,"MVMR requires the same SNPs to have beta/se for BMI, smoking initiation, and each outcome after allele harmonisation."
"rs16871902",TRUE,FALSE,FALSE,TRUE,TRUE,TRUE,"MVMR requires the same SNPs to have beta/se for BMI, smoking initiation, and each outcome after allele harmonisation."
"rs16952396",TRUE,FALSE,FALSE,TRUE,TRUE,TRUE,"MVMR requires the same SNPs to have beta/se for BMI, smoking initiation, and each outcome after allele harmonisation."
"rs17001561",TRUE,FALSE,FALSE,TRUE,TRUE,TRUE,"MVMR requires the same SNPs to have beta/se for BMI, smoking initiation, and each outcome after allele harmonisation."
"rs17014375",TRUE,FALSE,FALSE,TRUE,TRUE,TRUE,"MVMR requires the same SNPs to have beta/se for BMI, smoking initiation, and each outcome after allele harmonisation."
"rs1701704",TRUE,FALSE,FALSE,TRUE,TRUE,TRUE,"MVMR requires the same SNPs to have beta/se for BMI, smoking initiation, and each outcome after allele harmonisation."
"rs17033117",TRUE,FALSE,FALSE,TRUE,TRUE,TRUE,"MVMR requires the same SNPs to have beta/se for BMI, smoking initiation, and each outcome after allele harmonisation."
"rs17056301",TRUE,FALSE,FALSE,TRUE,TRUE,TRUE,"MVMR requires the same SNPs to have beta/se for BMI, smoking initiation, and each outcome after allele harmonisation."
"rs17113297",TRUE,FALSE,FALSE,TRUE,TRUE,TRUE,"MVMR requires the same SNPs to have beta/se for BMI, smoking initiation, and each outcome after allele harmonisation."
"rs17203016",TRUE,FALSE,FALSE,TRUE,TRUE,TRUE,"MVMR requires the same SNPs to have beta/se for BMI, smoking initiation, and each outcome after allele harmonisation."
"rs17207196",TRUE,FALSE,FALSE,TRUE,TRUE,TRUE,"MVMR requires the same SNPs to have beta/se for BMI, smoking initiation, and each outcome after allele harmonisation."
"rs17238110",TRUE,FALSE,FALSE,TRUE,TRUE,TRUE,"MVMR requires the same SNPs to have beta/se for BMI, smoking initiation, and each outcome after allele harmonisation."
"rs17379561",TRUE,FALSE,FALSE,TRUE,TRUE,TRUE,"MVMR requires the same SNPs to have beta/se for BMI, smoking initiation, and each outcome after allele harmonisation."
"rs17424296",TRUE,FALSE,FALSE,TRUE,TRUE,TRUE,"MVMR requires the same SNPs to have beta/se for BMI, smoking initiation, and each outcome after allele harmonisation."
"rs17425707",TRUE,FALSE,FALSE,TRUE,TRUE,TRUE,"MVMR requires the same SNPs to have beta/se for BMI, smoking initiation, and each outcome after allele harmonisation."
"rs17446299",TRUE,FALSE,FALSE,TRUE,TRUE,TRUE,"MVMR requires the same SNPs to have beta/se for BMI, smoking initiation, and each outcome after allele harmonisation."
"rs17450772",TRUE,FALSE,FALSE,TRUE,TRUE,TRUE,"MVMR requires the same SNPs to have beta/se for BMI, smoking initiation, and each outcome after allele harmonisation."
"rs175165",TRUE,FALSE,FALSE,TRUE,TRUE,TRUE,"MVMR requires the same SNPs to have beta/se for BMI, smoking initiation, and each outcome after allele harmonisation."
"rs17551974",TRUE,FALSE,FALSE,TRUE,TRUE,TRUE,"MVMR requires the same SNPs to have beta/se for BMI, smoking initiation, and each outcome after allele harmonisation."
"rs17636031",TRUE,FALSE,FALSE,TRUE,TRUE,TRUE,"MVMR requires the same SNPs to have beta/se for BMI, smoking initiation, and each outcome after allele harmonisation."
"rs17663412",TRUE,FALSE,FALSE,TRUE,TRUE,TRUE,"MVMR requires the same SNPs to have beta/se for BMI, smoking initiation, and each outcome after allele harmonisation."
"rs17710386",TRUE,FALSE,FALSE,TRUE,TRUE,TRUE,"MVMR requires the same SNPs to have beta/se for BMI, smoking initiation, and each outcome after allele harmonisation."
"rs17789218",TRUE,FALSE,FALSE,TRUE,TRUE,TRUE,"MVMR requires the same SNPs to have beta/se for BMI, smoking initiation, and each outcome after allele harmonisation."
"rs17806379",TRUE,FALSE,FALSE,TRUE,TRUE,TRUE,"MVMR requires the same SNPs to have beta/se for BMI, smoking initiation, and each outcome after allele harmonisation."
"rs17817449",TRUE,FALSE,FALSE,TRUE,TRUE,TRUE,"MVMR requires the same SNPs to have beta/se for BMI, smoking initiation, and each outcome after allele harmonisation."
"rs17822019",TRUE,FALSE,FALSE,TRUE,TRUE,TRUE,"MVMR requires the same SNPs to have beta/se for BMI, smoking initiation, and each outcome after allele harmonisation."
"rs17827419",TRUE,FALSE,FALSE,TRUE,TRUE,TRUE,"MVMR requires the same SNPs to have beta/se for BMI, smoking initiation, and each outcome after allele harmonisation."
"rs1800437",TRUE,FALSE,FALSE,TRUE,TRUE,TRUE,"MVMR requires the same SNPs to have beta/se for BMI, smoking initiation, and each outcome after allele harmonisation."
"rs1804528",TRUE,FALSE,FALSE,TRUE,TRUE,TRUE,"MVMR requires the same SNPs to have beta/se for BMI, smoking initiation, and each outcome after allele harmonisation."
"rs1830074",TRUE,FALSE,FALSE,TRUE,TRUE,TRUE,"MVMR requires the same SNPs to have beta/se for BMI, smoking initiation, and each outcome after allele harmonisation."
"rs1854225",TRUE,FALSE,FALSE,TRUE,TRUE,TRUE,"MVMR requires the same SNPs to have beta/se for BMI, smoking initiation, and each outcome after allele harmonisation."
"rs1869243",FALSE,TRUE,TRUE,FALSE,TRUE,TRUE,"MVMR requires the same SNPs to have beta/se for BMI, smoking initiation, and each outcome after allele harmonisation."
"rs1884389",TRUE,FALSE,FALSE,TRUE,TRUE,TRUE,"MVMR requires the same SNPs to have beta/se for BMI, smoking initiation, and each outcome after allele harmonisation."
"rs1891216",TRUE,FALSE,FALSE,TRUE,TRUE,TRUE,"MVMR requires the same SNPs to have beta/se for BMI, smoking initiation, and each outcome after allele harmonisation."
"rs1895407",TRUE,FALSE,FALSE,TRUE,TRUE,TRUE,"MVMR requires the same SNPs to have beta/se for BMI, smoking initiation, and each outcome after allele harmonisation."
"rs189843",TRUE,FALSE,FALSE,TRUE,TRUE,TRUE,"MVMR requires the same SNPs to have beta/se for BMI, smoking initiation, and each outcome after allele harmonisation."
"rs1899896",FALSE,TRUE,TRUE,FALSE,TRUE,TRUE,"MVMR requires the same SNPs to have beta/se for BMI, smoking initiation, and each outcome after allele harmonisation."
"rs1927790",TRUE,FALSE,FALSE,TRUE,TRUE,TRUE,"MVMR requires the same SNPs to have beta/se for BMI, smoking initiation, and each outcome after allele harmonisation."
"rs1928295",TRUE,FALSE,FALSE,TRUE,TRUE,TRUE,"MVMR requires the same SNPs to have beta/se for BMI, smoking initiation, and each outcome after allele harmonisation."
"rs1937443",FALSE,TRUE,TRUE,FALSE,TRUE,TRUE,"MVMR requires the same SNPs to have beta/se for BMI, smoking initiation, and each outcome after allele harmonisation."
"rs1937683",TRUE,FALSE,FALSE,TRUE,TRUE,TRUE,"MVMR requires the same SNPs to have beta/se for BMI, smoking initiation, and each outcome after allele harmonisation."
"rs1948080",TRUE,FALSE,FALSE,TRUE,TRUE,TRUE,"MVMR requires the same SNPs to have beta/se for BMI, smoking initiation, and each outcome after allele harmonisation."
"rs1962412",TRUE,FALSE,FALSE,TRUE,TRUE,TRUE,"MVMR requires the same SNPs to have beta/se for BMI, smoking initiation, and each outcome after allele harmonisation."
"rs1971318",FALSE,TRUE,TRUE,FALSE,TRUE,TRUE,"MVMR requires the same SNPs to have beta/se for BMI, smoking initiation, and each outcome after allele harmonisation."
"rs1982725",TRUE,FALSE,FALSE,TRUE,TRUE,TRUE,"MVMR requires the same SNPs to have beta/se for BMI, smoking initiation, and each outcome after allele harmonisation."
"rs1993709",TRUE,FALSE,FALSE,TRUE,TRUE,TRUE,"MVMR requires the same SNPs to have beta/se for BMI, smoking initiation, and each outcome after allele harmonisation."
"rs200810",TRUE,FALSE,FALSE,TRUE,TRUE,TRUE,"MVMR requires the same SNPs to have beta/se for BMI, smoking initiation, and each outcome after allele harmonisation."
"rs202240867",TRUE,FALSE,FALSE,TRUE,TRUE,TRUE,"MVMR requires the same SNPs to have beta/se for BMI, smoking initiation, and each outcome after allele harmonisation."
"rs20324",TRUE,FALSE,FALSE,TRUE,TRUE,TRUE,"MVMR requires the same SNPs to have beta/se for BMI, smoking initiation, and each outcome after allele harmonisation."
"rs2046850",FALSE,TRUE,TRUE,FALSE,TRUE,TRUE,"MVMR requires the same SNPs to have beta/se for BMI, smoking initiation, and each outcome after allele harmonisation."
"rs2051559",TRUE,FALSE,FALSE,TRUE,TRUE,TRUE,"MVMR requires the same SNPs to have beta/se for BMI, smoking initiation, and each outcome after allele harmonisation."
"rs2065418",TRUE,FALSE,FALSE,TRUE,TRUE,TRUE,"MVMR requires the same SNPs to have beta/se for BMI, smoking initiation, and each outcome after allele harmonisation."
"rs2074314",TRUE,FALSE,FALSE,TRUE,TRUE,TRUE,"MVMR requires the same SNPs to have beta/se for BMI, smoking initiation, and each outcome after allele harmonisation."
"rs208015",TRUE,FALSE,FALSE,TRUE,TRUE,TRUE,"MVMR requires the same SNPs to have beta/se for BMI, smoking initiation, and each outcome after allele harmonisation."
"rs2107300",FALSE,TRUE,TRUE,FALSE,TRUE,TRUE,"MVMR requires the same SNPs to have beta/se for BMI, smoking initiation, and each outcome after allele harmonisation."
"rs2124499",TRUE,FALSE,FALSE,TRUE,TRUE,TRUE,"MVMR requires the same SNPs to have beta/se for BMI, smoking initiation, and each outcome after allele harmonisation."
"rs2140114",FALSE,TRUE,TRUE,FALSE,TRUE,TRUE,"MVMR requires the same SNPs to have beta/se for BMI, smoking initiation, and each outcome after allele harmonisation."
"rs2143624",TRUE,FALSE,FALSE,TRUE,TRUE,TRUE,"MVMR requires the same SNPs to have beta/se for BMI, smoking initiation, and each outcome after allele harmonisation."
"rs2155645",TRUE,FALSE,FALSE,TRUE,TRUE,TRUE,"MVMR requires the same SNPs to have beta/se for BMI, smoking initiation, and each outcome after allele harmonisation."
"rs215632",TRUE,FALSE,FALSE,TRUE,TRUE,TRUE,"MVMR requires the same SNPs to have beta/se for BMI, smoking initiation, and each outcome after allele harmonisation."
"rs2163188",TRUE,FALSE,FALSE,TRUE,TRUE,TRUE,"MVMR requires the same SNPs to have beta/se for BMI, smoking initiation, and each outcome after allele harmonisation."
"rs2174367",TRUE,FALSE,FALSE,TRUE,TRUE,TRUE,"MVMR requires the same SNPs to have beta/se for BMI, smoking initiation, and each outcome after allele harmonisation."
"rs217671",TRUE,FALSE,FALSE,TRUE,TRUE,TRUE,"MVMR requires the same SNPs to have beta/se for BMI, smoking initiation, and each outcome after allele harmonisation."
"rs2181375",TRUE,FALSE,FALSE,TRUE,TRUE,TRUE,"MVMR requires the same SNPs to have beta/se for BMI, smoking initiation, and each outcome after allele harmonisation."
"rs222449",FALSE,TRUE,TRUE,FALSE,TRUE,TRUE,"MVMR requires the same SNPs to have beta/se for BMI, smoking initiation, and each outcome after allele harmonisation."
"rs2228213",TRUE,FALSE,FALSE,TRUE,TRUE,TRUE,"MVMR requires the same SNPs to have beta/se for BMI, smoking initiation, and each outcome after allele harmonisation."
"rs2235564",TRUE,FALSE,FALSE,TRUE,TRUE,TRUE,"MVMR requires the same SNPs to have beta/se for BMI, smoking initiation, and each outcome after allele harmonisation."
"rs2241423",TRUE,FALSE,FALSE,TRUE,TRUE,TRUE,"MVMR requires the same SNPs to have beta/se for BMI, smoking initiation, and each outcome after allele harmonisation."
"rs2241743",TRUE,FALSE,FALSE,TRUE,TRUE,TRUE,"MVMR requires the same SNPs to have beta/se for BMI, smoking initiation, and each outcome after allele harmonisation."
"rs2242189",TRUE,FALSE,FALSE,TRUE,TRUE,TRUE,"MVMR requires the same SNPs to have beta/se for BMI, smoking initiation, and each outcome after allele harmonisation."
"rs226000",TRUE,FALSE,FALSE,TRUE,TRUE,TRUE,"MVMR requires the same SNPs to have beta/se for BMI, smoking initiation, and each outcome after allele harmonisation."
"rs2268082",TRUE,FALSE,FALSE,TRUE,TRUE,TRUE,"MVMR requires the same SNPs to have beta/se for BMI, smoking initiation, and each outcome after allele harmonisation."
"rs2274636",TRUE,FALSE,FALSE,TRUE,TRUE,TRUE,"MVMR requires the same SNPs to have beta/se for BMI, smoking initiation, and each outcome after allele harmonisation."
"rs2281819",TRUE,FALSE,FALSE,TRUE,TRUE,TRUE,"MVMR requires the same SNPs to have beta/se for BMI, smoking initiation, and each outcome after allele harmonisation."
"rs2283093",TRUE,FALSE,FALSE,TRUE,TRUE,TRUE,"MVMR requires the same SNPs to have beta/se for BMI, smoking initiation, and each outcome after allele harmonisation."
"rs2284746",TRUE,FALSE,FALSE,TRUE,TRUE,TRUE,"MVMR requires the same SNPs to have beta/se for BMI, smoking initiation, and each outcome after allele harmonisation."
"rs2285178",TRUE,FALSE,FALSE,TRUE,TRUE,TRUE,"MVMR requires the same SNPs to have beta/se for BMI, smoking initiation, and each outcome after allele harmonisation."
"rs2290573",TRUE,FALSE,FALSE,TRUE,TRUE,TRUE,"MVMR requires the same SNPs to have beta/se for BMI, smoking initiation, and each outcome after allele harmonisation."
"rs2304607",TRUE,FALSE,FALSE,TRUE,TRUE,TRUE,"MVMR requires the same SNPs to have beta/se for BMI, smoking initiation, and each outcome after allele harmonisation."
"rs2307111",TRUE,FALSE,FALSE,TRUE,TRUE,TRUE,"MVMR requires the same SNPs to have beta/se for BMI, smoking initiation, and each outcome after allele harmonisation."
"rs2325036",TRUE,FALSE,FALSE,TRUE,TRUE,TRUE,"MVMR requires the same SNPs to have beta/se for BMI, smoking initiation, and each outcome after allele harmonisation."
"rs2357760",TRUE,FALSE,FALSE,TRUE,TRUE,TRUE,"MVMR requires the same SNPs to have beta/se for BMI, smoking initiation, and each outcome after allele harmonisation."
"rs2361988",TRUE,FALSE,FALSE,TRUE,TRUE,TRUE,"MVMR requires the same SNPs to have beta/se for BMI, smoking initiation, and each outcome after allele harmonisation."
"rs2365389",TRUE,FALSE,FALSE,TRUE,TRUE,TRUE,"MVMR requires the same SNPs to have beta/se for BMI, smoking initiation, and each outcome after allele harmonisation."
"rs2367112",TRUE,FALSE,FALSE,TRUE,TRUE,TRUE,"MVMR requires the same SNPs to have beta/se for BMI, smoking initiation, and each outcome after allele harmonisation."
"rs2378662",FALSE,TRUE,TRUE,FALSE,TRUE,TRUE,"MVMR requires the same SNPs to have beta/se for BMI, smoking initiation, and each outcome after allele harmonisation."
"rs240963",FALSE,TRUE,TRUE,FALSE,TRUE,TRUE,"MVMR requires the same SNPs to have beta/se for BMI, smoking initiation, and each outcome after allele harmonisation."
"rs2423668",TRUE,FALSE,FALSE,TRUE,TRUE,TRUE,"MVMR requires the same SNPs to have beta/se for BMI, smoking initiation, and each outcome after allele harmonisation."
"rs2425857",TRUE,FALSE,FALSE,TRUE,TRUE,TRUE,"MVMR requires the same SNPs to have beta/se for BMI, smoking initiation, and each outcome after allele harmonisation."
"rs2429150",TRUE,FALSE,FALSE,TRUE,TRUE,TRUE,"MVMR requires the same SNPs to have beta/se for BMI, smoking initiation, and each outcome after allele harmonisation."
"rs2435061",TRUE,FALSE,FALSE,TRUE,TRUE,TRUE,"MVMR requires the same SNPs to have beta/se for BMI, smoking initiation, and each outcome after allele harmonisation."
"rs2465043",TRUE,FALSE,FALSE,TRUE,TRUE,TRUE,"MVMR requires the same SNPs to have beta/se for BMI, smoking initiation, and each outcome after allele harmonisation."
"rs2479958",TRUE,FALSE,FALSE,TRUE,TRUE,TRUE,"MVMR requires the same SNPs to have beta/se for BMI, smoking initiation, and each outcome after allele harmonisation."
"rs2481665",TRUE,FALSE,FALSE,TRUE,TRUE,TRUE,"MVMR requires the same SNPs to have beta/se for BMI, smoking initiation, and each outcome after allele harmonisation."
"rs2510344",TRUE,FALSE,FALSE,TRUE,TRUE,TRUE,"MVMR requires the same SNPs to have beta/se for BMI, smoking initiation, and each outcome after allele harmonisation."
"rs2596902",TRUE,FALSE,FALSE,TRUE,TRUE,TRUE,"MVMR requires the same SNPs to have beta/se for BMI, smoking initiation, and each outcome after allele harmonisation."
"rs2605603",TRUE,FALSE,FALSE,TRUE,TRUE,TRUE,"MVMR requires the same SNPs to have beta/se for BMI, smoking initiation, and each outcome after allele harmonisation."
"rs2631017",FALSE,TRUE,TRUE,FALSE,TRUE,TRUE,"MVMR requires the same SNPs to have beta/se for BMI, smoking initiation, and each outcome after allele harmonisation."
"rs2643452",TRUE,FALSE,FALSE,TRUE,TRUE,TRUE,"MVMR requires the same SNPs to have beta/se for BMI, smoking initiation, and each outcome after allele harmonisation."
"rs2672851",FALSE,TRUE,TRUE,FALSE,TRUE,TRUE,"MVMR requires the same SNPs to have beta/se for BMI, smoking initiation, and each outcome after allele harmonisation."
"rs2693826",TRUE,FALSE,FALSE,TRUE,TRUE,TRUE,"MVMR requires the same SNPs to have beta/se for BMI, smoking initiation, and each outcome after allele harmonisation."
"rs273504",TRUE,FALSE,FALSE,TRUE,TRUE,TRUE,"MVMR requires the same SNPs to have beta/se for BMI, smoking initiation, and each outcome after allele harmonisation."
"rs2737249",TRUE,FALSE,FALSE,TRUE,TRUE,TRUE,"MVMR requires the same SNPs to have beta/se for BMI, smoking initiation, and each outcome after allele harmonisation."
"rs2781668",TRUE,FALSE,FALSE,TRUE,TRUE,TRUE,"MVMR requires the same SNPs to have beta/se for BMI, smoking initiation, and each outcome after allele harmonisation."
"rs2791653",TRUE,FALSE,FALSE,TRUE,TRUE,TRUE,"MVMR requires the same SNPs to have beta/se for BMI, smoking initiation, and each outcome after allele harmonisation."
"rs2814992",TRUE,FALSE,FALSE,TRUE,TRUE,TRUE,"MVMR requires the same SNPs to have beta/se for BMI, smoking initiation, and each outcome after allele harmonisation."
"rs2820311",TRUE,FALSE,FALSE,TRUE,TRUE,TRUE,"MVMR requires the same SNPs to have beta/se for BMI, smoking initiation, and each outcome after allele harmonisation."
"rs2832283",TRUE,FALSE,FALSE,TRUE,TRUE,TRUE,"MVMR requires the same SNPs to have beta/se for BMI, smoking initiation, and each outcome after allele harmonisation."
"rs2836964",TRUE,FALSE,FALSE,TRUE,TRUE,TRUE,"MVMR requires the same SNPs to have beta/se for BMI, smoking initiation, and each outcome after allele harmonisation."
"rs2861683",TRUE,FALSE,FALSE,TRUE,TRUE,TRUE,"MVMR requires the same SNPs to have beta/se for BMI, smoking initiation, and each outcome after allele harmonisation."
"rs287104",TRUE,FALSE,FALSE,TRUE,TRUE,TRUE,"MVMR requires the same SNPs to have beta/se for BMI, smoking initiation, and each outcome after allele harmonisation."
"rs2875762",TRUE,FALSE,FALSE,TRUE,TRUE,TRUE,"MVMR requires the same SNPs to have beta/se for BMI, smoking initiation, and each outcome after allele harmonisation."
"rs2892512",FALSE,TRUE,TRUE,FALSE,TRUE,TRUE,"MVMR requires the same SNPs to have beta/se for BMI, smoking initiation, and each outcome after allele harmonisation."
"rs294704",TRUE,FALSE,FALSE,TRUE,TRUE,TRUE,"MVMR requires the same SNPs to have beta/se for BMI, smoking initiation, and each outcome after allele harmonisation."
"rs2962447",TRUE,FALSE,FALSE,TRUE,TRUE,TRUE,"MVMR requires the same SNPs to have beta/se for BMI, smoking initiation, and each outcome after allele harmonisation."
"rs2973565",TRUE,FALSE,FALSE,TRUE,TRUE,TRUE,"MVMR requires the same SNPs to have beta/se for BMI, smoking initiation, and each outcome after allele harmonisation."
"rs3001723",FALSE,TRUE,TRUE,FALSE,TRUE,TRUE,"MVMR requires the same SNPs to have beta/se for BMI, smoking initiation, and each outcome after allele harmonisation."
"rs301805",FALSE,TRUE,TRUE,FALSE,TRUE,TRUE,"MVMR requires the same SNPs to have beta/se for BMI, smoking initiation, and each outcome after allele harmonisation."
"rs3134438",TRUE,FALSE,FALSE,TRUE,TRUE,TRUE,"MVMR requires the same SNPs to have beta/se for BMI, smoking initiation, and each outcome after allele harmonisation."
"rs326896",TRUE,FALSE,FALSE,TRUE,TRUE,TRUE,"MVMR requires the same SNPs to have beta/se for BMI, smoking initiation, and each outcome after allele harmonisation."
"rs331966",TRUE,FALSE,FALSE,TRUE,TRUE,TRUE,"MVMR requires the same SNPs to have beta/se for BMI, smoking initiation, and each outcome after allele harmonisation."
"rs33494",TRUE,FALSE,FALSE,TRUE,TRUE,TRUE,"MVMR requires the same SNPs to have beta/se for BMI, smoking initiation, and each outcome after allele harmonisation."
"rs339991",TRUE,FALSE,FALSE,TRUE,TRUE,TRUE,"MVMR requires the same SNPs to have beta/se for BMI, smoking initiation, and each outcome after allele harmonisation."
"rs349088",TRUE,FALSE,FALSE,TRUE,TRUE,TRUE,"MVMR requires the same SNPs to have beta/se for BMI, smoking initiation, and each outcome after allele harmonisation."
"rs355777",TRUE,FALSE,FALSE,TRUE,TRUE,TRUE,"MVMR requires the same SNPs to have beta/se for BMI, smoking initiation, and each outcome after allele harmonisation."
"rs35702515",FALSE,TRUE,TRUE,FALSE,TRUE,TRUE,"MVMR requires the same SNPs to have beta/se for BMI, smoking initiation, and each outcome after allele harmonisation."
"rs3731695",TRUE,FALSE,FALSE,TRUE,TRUE,TRUE,"MVMR requires the same SNPs to have beta/se for BMI, smoking initiation, and each outcome after allele harmonisation."
"rs3736485",TRUE,FALSE,FALSE,TRUE,TRUE,TRUE,"MVMR requires the same SNPs to have beta/se for BMI, smoking initiation, and each outcome after allele harmonisation."
"rs3753549",TRUE,FALSE,FALSE,TRUE,TRUE,TRUE,"MVMR requires the same SNPs to have beta/se for BMI, smoking initiation, and each outcome after allele harmonisation."
"rs3756761",TRUE,FALSE,FALSE,TRUE,TRUE,TRUE,"MVMR requires the same SNPs to have beta/se for BMI, smoking initiation, and each outcome after allele harmonisation."
"rs3764835",TRUE,FALSE,FALSE,TRUE,TRUE,TRUE,"MVMR requires the same SNPs to have beta/se for BMI, smoking initiation, and each outcome after allele harmonisation."
"rs3783394",TRUE,FALSE,FALSE,TRUE,TRUE,TRUE,"MVMR requires the same SNPs to have beta/se for BMI, smoking initiation, and each outcome after allele harmonisation."
"rs3800227",FALSE,TRUE,TRUE,FALSE,TRUE,TRUE,"MVMR requires the same SNPs to have beta/se for BMI, smoking initiation, and each outcome after allele harmonisation."
"rs3800229",TRUE,FALSE,FALSE,TRUE,TRUE,TRUE,"MVMR requires the same SNPs to have beta/se for BMI, smoking initiation, and each outcome after allele harmonisation."
"rs3800637",TRUE,FALSE,FALSE,TRUE,TRUE,TRUE,"MVMR requires the same SNPs to have beta/se for BMI, smoking initiation, and each outcome after allele harmonisation."
"rs3801289",FALSE,TRUE,TRUE,FALSE,TRUE,TRUE,"MVMR requires the same SNPs to have beta/se for BMI, smoking initiation, and each outcome after allele harmonisation."
"rs3806114",TRUE,FALSE,FALSE,TRUE,TRUE,TRUE,"MVMR requires the same SNPs to have beta/se for BMI, smoking initiation, and each outcome after allele harmonisation."
"rs3806572",TRUE,FALSE,FALSE,TRUE,TRUE,TRUE,"MVMR requires the same SNPs to have beta/se for BMI, smoking initiation, and each outcome after allele harmonisation."
"rs380857",TRUE,FALSE,FALSE,TRUE,TRUE,TRUE,"MVMR requires the same SNPs to have beta/se for BMI, smoking initiation, and each outcome after allele harmonisation."
"rs3811951",TRUE,FALSE,FALSE,TRUE,TRUE,TRUE,"MVMR requires the same SNPs to have beta/se for BMI, smoking initiation, and each outcome after allele harmonisation."
"rs3814883",TRUE,FALSE,FALSE,TRUE,TRUE,TRUE,"MVMR requires the same SNPs to have beta/se for BMI, smoking initiation, and each outcome after allele harmonisation."
"rs3821548",TRUE,FALSE,FALSE,TRUE,TRUE,TRUE,"MVMR requires the same SNPs to have beta/se for BMI, smoking initiation, and each outcome after allele harmonisation."
"rs3829849",TRUE,FALSE,FALSE,TRUE,TRUE,TRUE,"MVMR requires the same SNPs to have beta/se for BMI, smoking initiation, and each outcome after allele harmonisation."
"rs3857068",TRUE,FALSE,FALSE,TRUE,TRUE,TRUE,"MVMR requires the same SNPs to have beta/se for BMI, smoking initiation, and each outcome after allele harmonisation."
"rs3902951",TRUE,FALSE,FALSE,TRUE,TRUE,TRUE,"MVMR requires the same SNPs to have beta/se for BMI, smoking initiation, and each outcome after allele harmonisation."
"rs3904512",FALSE,TRUE,TRUE,FALSE,TRUE,TRUE,"MVMR requires the same SNPs to have beta/se for BMI, smoking initiation, and each outcome after allele harmonisation."
"rs391300",TRUE,FALSE,FALSE,TRUE,TRUE,TRUE,"MVMR requires the same SNPs to have beta/se for BMI, smoking initiation, and each outcome after allele harmonisation."
"rs3935648",TRUE,FALSE,FALSE,TRUE,TRUE,TRUE,"MVMR requires the same SNPs to have beta/se for BMI, smoking initiation, and each outcome after allele harmonisation."
"rs3977755",TRUE,FALSE,FALSE,TRUE,TRUE,TRUE,"MVMR requires the same SNPs to have beta/se for BMI, smoking initiation, and each outcome after allele harmonisation."
"rs40067",TRUE,FALSE,FALSE,TRUE,TRUE,TRUE,"MVMR requires the same SNPs to have beta/se for BMI, smoking initiation, and each outcome after allele harmonisation."
"rs4044321",FALSE,TRUE,TRUE,FALSE,TRUE,TRUE,"MVMR requires the same SNPs to have beta/se for BMI, smoking initiation, and each outcome after allele harmonisation."
"rs4145734",TRUE,FALSE,FALSE,TRUE,TRUE,TRUE,"MVMR requires the same SNPs to have beta/se for BMI, smoking initiation, and each outcome after allele harmonisation."
"rs4148155",TRUE,FALSE,FALSE,TRUE,TRUE,TRUE,"MVMR requires the same SNPs to have beta/se for BMI, smoking initiation, and each outcome after allele harmonisation."
"rs4148866",TRUE,FALSE,FALSE,TRUE,TRUE,TRUE,"MVMR requires the same SNPs to have beta/se for BMI, smoking initiation, and each outcome after allele harmonisation."
"rs4236259",FALSE,TRUE,TRUE,FALSE,TRUE,TRUE,"MVMR requires the same SNPs to have beta/se for BMI, smoking initiation, and each outcome after allele harmonisation."
"rs427943",TRUE,FALSE,FALSE,TRUE,TRUE,TRUE,"MVMR requires the same SNPs to have beta/se for BMI, smoking initiation, and each outcome after allele harmonisation."
"rs4284600",TRUE,FALSE,FALSE,TRUE,TRUE,TRUE,"MVMR requires the same SNPs to have beta/se for BMI, smoking initiation, and each outcome after allele harmonisation."
"rs429343",TRUE,FALSE,FALSE,TRUE,TRUE,TRUE,"MVMR requires the same SNPs to have beta/se for BMI, smoking initiation, and each outcome after allele harmonisation."
"rs4303732",TRUE,FALSE,FALSE,TRUE,TRUE,TRUE,"MVMR requires the same SNPs to have beta/se for BMI, smoking initiation, and each outcome after allele harmonisation."
"rs4307239",TRUE,FALSE,FALSE,TRUE,TRUE,TRUE,"MVMR requires the same SNPs to have beta/se for BMI, smoking initiation, and each outcome after allele harmonisation."
"rs4320543",TRUE,FALSE,FALSE,TRUE,TRUE,TRUE,"MVMR requires the same SNPs to have beta/se for BMI, smoking initiation, and each outcome after allele harmonisation."
"rs4343164",TRUE,FALSE,FALSE,TRUE,TRUE,TRUE,"MVMR requires the same SNPs to have beta/se for BMI, smoking initiation, and each outcome after allele harmonisation."
"rs4352629",FALSE,TRUE,TRUE,FALSE,TRUE,TRUE,"MVMR requires the same SNPs to have beta/se for BMI, smoking initiation, and each outcome after allele harmonisation."
"rs4358081",TRUE,FALSE,FALSE,TRUE,TRUE,TRUE,"MVMR requires the same SNPs to have beta/se for BMI, smoking initiation, and each outcome after allele harmonisation."
"rs4366093",TRUE,FALSE,FALSE,TRUE,TRUE,TRUE,"MVMR requires the same SNPs to have beta/se for BMI, smoking initiation, and each outcome after allele harmonisation."
"rs438327",TRUE,FALSE,FALSE,TRUE,TRUE,TRUE,"MVMR requires the same SNPs to have beta/se for BMI, smoking initiation, and each outcome after allele harmonisation."
"rs4414033",TRUE,FALSE,FALSE,TRUE,TRUE,TRUE,"MVMR requires the same SNPs to have beta/se for BMI, smoking initiation, and each outcome after allele harmonisation."
"rs4430672",TRUE,FALSE,FALSE,TRUE,TRUE,TRUE,"MVMR requires the same SNPs to have beta/se for BMI, smoking initiation, and each outcome after allele harmonisation."
"rs4482463",TRUE,FALSE,FALSE,TRUE,TRUE,TRUE,"MVMR requires the same SNPs to have beta/se for BMI, smoking initiation, and each outcome after allele harmonisation."
"rs4495304",TRUE,FALSE,FALSE,TRUE,TRUE,TRUE,"MVMR requires the same SNPs to have beta/se for BMI, smoking initiation, and each outcome after allele harmonisation."
"rs4516268",TRUE,FALSE,FALSE,TRUE,TRUE,TRUE,"MVMR requires the same SNPs to have beta/se for BMI, smoking initiation, and each outcome after allele harmonisation."
"rs4518345",TRUE,FALSE,FALSE,TRUE,TRUE,TRUE,"MVMR requires the same SNPs to have beta/se for BMI, smoking initiation, and each outcome after allele harmonisation."
"rs4523689",FALSE,TRUE,TRUE,FALSE,TRUE,TRUE,"MVMR requires the same SNPs to have beta/se for BMI, smoking initiation, and each outcome after allele harmonisation."
"rs4543592",FALSE,TRUE,TRUE,FALSE,TRUE,TRUE,"MVMR requires the same SNPs to have beta/se for BMI, smoking initiation, and each outcome after allele harmonisation."
"rs4547301",FALSE,TRUE,TRUE,FALSE,TRUE,TRUE,"MVMR requires the same SNPs to have beta/se for BMI, smoking initiation, and each outcome after allele harmonisation."
"rs4588572",TRUE,FALSE,FALSE,TRUE,TRUE,TRUE,"MVMR requires the same SNPs to have beta/se for BMI, smoking initiation, and each outcome after allele harmonisation."
"rs4624596",TRUE,FALSE,FALSE,TRUE,TRUE,TRUE,"MVMR requires the same SNPs to have beta/se for BMI, smoking initiation, and each outcome after allele harmonisation."
"rs4639527",TRUE,FALSE,FALSE,TRUE,TRUE,TRUE,"MVMR requires the same SNPs to have beta/se for BMI, smoking initiation, and each outcome after allele harmonisation."
"rs4653017",TRUE,FALSE,FALSE,TRUE,TRUE,TRUE,"MVMR requires the same SNPs to have beta/se for BMI, smoking initiation, and each outcome after allele harmonisation."
"rs4660443",TRUE,FALSE,FALSE,TRUE,TRUE,TRUE,"MVMR requires the same SNPs to have beta/se for BMI, smoking initiation, and each outcome after allele harmonisation."
"rs4671328",TRUE,FALSE,FALSE,TRUE,TRUE,TRUE,"MVMR requires the same SNPs to have beta/se for BMI, smoking initiation, and each outcome after allele harmonisation."
"rs4674993",FALSE,TRUE,TRUE,FALSE,TRUE,TRUE,"MVMR requires the same SNPs to have beta/se for BMI, smoking initiation, and each outcome after allele harmonisation."
"rs4722398",TRUE,FALSE,FALSE,TRUE,TRUE,TRUE,"MVMR requires the same SNPs to have beta/se for BMI, smoking initiation, and each outcome after allele harmonisation."
"rs4722672",TRUE,FALSE,FALSE,TRUE,TRUE,TRUE,"MVMR requires the same SNPs to have beta/se for BMI, smoking initiation, and each outcome after allele harmonisation."
"rs4730110",TRUE,FALSE,FALSE,TRUE,TRUE,TRUE,"MVMR requires the same SNPs to have beta/se for BMI, smoking initiation, and each outcome after allele harmonisation."
"rs4740619",TRUE,FALSE,FALSE,TRUE,TRUE,TRUE,"MVMR requires the same SNPs to have beta/se for BMI, smoking initiation, and each outcome after allele harmonisation."
"rs4744275",TRUE,FALSE,FALSE,TRUE,TRUE,TRUE,"MVMR requires the same SNPs to have beta/se for BMI, smoking initiation, and each outcome after allele harmonisation."
"rs474605",TRUE,FALSE,FALSE,TRUE,TRUE,TRUE,"MVMR requires the same SNPs to have beta/se for BMI, smoking initiation, and each outcome after allele harmonisation."
"rs4759228",FALSE,TRUE,TRUE,FALSE,TRUE,TRUE,"MVMR requires the same SNPs to have beta/se for BMI, smoking initiation, and each outcome after allele harmonisation."
"rs4764949",TRUE,FALSE,FALSE,TRUE,TRUE,TRUE,"MVMR requires the same SNPs to have beta/se for BMI, smoking initiation, and each outcome after allele harmonisation."
"rs4781977",FALSE,TRUE,TRUE,FALSE,TRUE,TRUE,"MVMR requires the same SNPs to have beta/se for BMI, smoking initiation, and each outcome after allele harmonisation."
"rs4785836",FALSE,TRUE,TRUE,FALSE,TRUE,TRUE,"MVMR requires the same SNPs to have beta/se for BMI, smoking initiation, and each outcome after allele harmonisation."
"rs4800191",TRUE,FALSE,FALSE,TRUE,TRUE,TRUE,"MVMR requires the same SNPs to have beta/se for BMI, smoking initiation, and each outcome after allele harmonisation."
"rs4813619",TRUE,FALSE,FALSE,TRUE,TRUE,TRUE,"MVMR requires the same SNPs to have beta/se for BMI, smoking initiation, and each outcome after allele harmonisation."
"rs4818225",TRUE,FALSE,FALSE,TRUE,TRUE,TRUE,"MVMR requires the same SNPs to have beta/se for BMI, smoking initiation, and each outcome after allele harmonisation."
"rs4820408",TRUE,FALSE,FALSE,TRUE,TRUE,TRUE,"MVMR requires the same SNPs to have beta/se for BMI, smoking initiation, and each outcome after allele harmonisation."
"rs4857329",TRUE,FALSE,FALSE,TRUE,TRUE,TRUE,"MVMR requires the same SNPs to have beta/se for BMI, smoking initiation, and each outcome after allele harmonisation."
"rs4858193",TRUE,FALSE,FALSE,TRUE,TRUE,TRUE,"MVMR requires the same SNPs to have beta/se for BMI, smoking initiation, and each outcome after allele harmonisation."
"rs4864201",TRUE,FALSE,FALSE,TRUE,TRUE,TRUE,"MVMR requires the same SNPs to have beta/se for BMI, smoking initiation, and each outcome after allele harmonisation."
"rs487060",TRUE,FALSE,FALSE,TRUE,TRUE,TRUE,"MVMR requires the same SNPs to have beta/se for BMI, smoking initiation, and each outcome after allele harmonisation."
"rs4906908",TRUE,FALSE,FALSE,TRUE,TRUE,TRUE,"MVMR requires the same SNPs to have beta/se for BMI, smoking initiation, and each outcome after allele harmonisation."
"rs491711",TRUE,FALSE,FALSE,TRUE,TRUE,TRUE,"MVMR requires the same SNPs to have beta/se for BMI, smoking initiation, and each outcome after allele harmonisation."
"rs4968656",TRUE,FALSE,FALSE,TRUE,TRUE,TRUE,"MVMR requires the same SNPs to have beta/se for BMI, smoking initiation, and each outcome after allele harmonisation."
"rs4986044",TRUE,FALSE,FALSE,TRUE,TRUE,TRUE,"MVMR requires the same SNPs to have beta/se for BMI, smoking initiation, and each outcome after allele harmonisation."
"rs5396",TRUE,FALSE,FALSE,TRUE,TRUE,TRUE,"MVMR requires the same SNPs to have beta/se for BMI, smoking initiation, and each outcome after allele harmonisation."
"rs543874",TRUE,FALSE,FALSE,TRUE,TRUE,TRUE,"MVMR requires the same SNPs to have beta/se for BMI, smoking initiation, and each outcome after allele harmonisation."
"rs577525",TRUE,FALSE,FALSE,TRUE,TRUE,TRUE,"MVMR requires the same SNPs to have beta/se for BMI, smoking initiation, and each outcome after allele harmonisation."
"rs578584",FALSE,TRUE,TRUE,FALSE,TRUE,TRUE,"MVMR requires the same SNPs to have beta/se for BMI, smoking initiation, and each outcome after allele harmonisation."
"rs580438",TRUE,FALSE,FALSE,TRUE,TRUE,TRUE,"MVMR requires the same SNPs to have beta/se for BMI, smoking initiation, and each outcome after allele harmonisation."
"rs592483",TRUE,FALSE,FALSE,TRUE,TRUE,TRUE,"MVMR requires the same SNPs to have beta/se for BMI, smoking initiation, and each outcome after allele harmonisation."
"rs6011457",TRUE,FALSE,FALSE,TRUE,TRUE,TRUE,"MVMR requires the same SNPs to have beta/se for BMI, smoking initiation, and each outcome after allele harmonisation."
"rs6050446",TRUE,FALSE,FALSE,TRUE,TRUE,TRUE,"MVMR requires the same SNPs to have beta/se for BMI, smoking initiation, and each outcome after allele harmonisation."
"rs6265",FALSE,TRUE,TRUE,FALSE,TRUE,TRUE,"MVMR requires the same SNPs to have beta/se for BMI, smoking initiation, and each outcome after allele harmonisation."
"rs6433897",FALSE,TRUE,TRUE,FALSE,TRUE,TRUE,"MVMR requires the same SNPs to have beta/se for BMI, smoking initiation, and each outcome after allele harmonisation."
"rs6443750",TRUE,FALSE,FALSE,TRUE,TRUE,TRUE,"MVMR requires the same SNPs to have beta/se for BMI, smoking initiation, and each outcome after allele harmonisation."
"rs6448587",TRUE,FALSE,FALSE,TRUE,TRUE,TRUE,"MVMR requires the same SNPs to have beta/se for BMI, smoking initiation, and each outcome after allele harmonisation."
"rs6461115",TRUE,FALSE,FALSE,TRUE,TRUE,TRUE,"MVMR requires the same SNPs to have beta/se for BMI, smoking initiation, and each outcome after allele harmonisation."
"rs6471941",TRUE,FALSE,FALSE,TRUE,TRUE,TRUE,"MVMR requires the same SNPs to have beta/se for BMI, smoking initiation, and each outcome after allele harmonisation."
"rs6508144",FALSE,TRUE,TRUE,FALSE,TRUE,TRUE,"MVMR requires the same SNPs to have beta/se for BMI, smoking initiation, and each outcome after allele harmonisation."
"rs6512302",TRUE,FALSE,FALSE,TRUE,TRUE,TRUE,"MVMR requires the same SNPs to have beta/se for BMI, smoking initiation, and each outcome after allele harmonisation."
"rs6545714",TRUE,FALSE,FALSE,TRUE,TRUE,TRUE,"MVMR requires the same SNPs to have beta/se for BMI, smoking initiation, and each outcome after allele harmonisation."
"rs6556301",TRUE,FALSE,FALSE,TRUE,TRUE,TRUE,"MVMR requires the same SNPs to have beta/se for BMI, smoking initiation, and each outcome after allele harmonisation."
"rs6567160",TRUE,FALSE,FALSE,TRUE,TRUE,TRUE,"MVMR requires the same SNPs to have beta/se for BMI, smoking initiation, and each outcome after allele harmonisation."
"rs6587552",TRUE,FALSE,FALSE,TRUE,TRUE,TRUE,"MVMR requires the same SNPs to have beta/se for BMI, smoking initiation, and each outcome after allele harmonisation."
"rs6595205",TRUE,FALSE,FALSE,TRUE,TRUE,TRUE,"MVMR requires the same SNPs to have beta/se for BMI, smoking initiation, and each outcome after allele harmonisation."
"rs6597173",TRUE,FALSE,FALSE,TRUE,TRUE,TRUE,"MVMR requires the same SNPs to have beta/se for BMI, smoking initiation, and each outcome after allele harmonisation."
"rs66680800",FALSE,TRUE,TRUE,FALSE,TRUE,TRUE,"MVMR requires the same SNPs to have beta/se for BMI, smoking initiation, and each outcome after allele harmonisation."
"rs6669839",FALSE,TRUE,TRUE,FALSE,TRUE,TRUE,"MVMR requires the same SNPs to have beta/se for BMI, smoking initiation, and each outcome after allele harmonisation."
"rs6673081",TRUE,FALSE,FALSE,TRUE,TRUE,TRUE,"MVMR requires the same SNPs to have beta/se for BMI, smoking initiation, and each outcome after allele harmonisation."
"rs6692586",TRUE,FALSE,FALSE,TRUE,TRUE,TRUE,"MVMR requires the same SNPs to have beta/se for BMI, smoking initiation, and each outcome after allele harmonisation."
"rs6707445",TRUE,FALSE,FALSE,TRUE,TRUE,TRUE,"MVMR requires the same SNPs to have beta/se for BMI, smoking initiation, and each outcome after allele harmonisation."
"rs6712",TRUE,FALSE,FALSE,TRUE,TRUE,TRUE,"MVMR requires the same SNPs to have beta/se for BMI, smoking initiation, and each outcome after allele harmonisation."
"rs6728726",FALSE,TRUE,TRUE,FALSE,TRUE,TRUE,"MVMR requires the same SNPs to have beta/se for BMI, smoking initiation, and each outcome after allele harmonisation."
"rs6764533",TRUE,FALSE,FALSE,TRUE,TRUE,TRUE,"MVMR requires the same SNPs to have beta/se for BMI, smoking initiation, and each outcome after allele harmonisation."
"rs6772756",TRUE,FALSE,FALSE,TRUE,TRUE,TRUE,"MVMR requires the same SNPs to have beta/se for BMI, smoking initiation, and each outcome after allele harmonisation."
"rs6788098",FALSE,TRUE,TRUE,FALSE,TRUE,TRUE,"MVMR requires the same SNPs to have beta/se for BMI, smoking initiation, and each outcome after allele harmonisation."
"rs6794351",TRUE,FALSE,FALSE,TRUE,TRUE,TRUE,"MVMR requires the same SNPs to have beta/se for BMI, smoking initiation, and each outcome after allele harmonisation."
"rs6804842",TRUE,FALSE,FALSE,TRUE,TRUE,TRUE,"MVMR requires the same SNPs to have beta/se for BMI, smoking initiation, and each outcome after allele harmonisation."
"rs6815910",TRUE,FALSE,FALSE,TRUE,TRUE,TRUE,"MVMR requires the same SNPs to have beta/se for BMI, smoking initiation, and each outcome after allele harmonisation."
"rs685870",TRUE,FALSE,FALSE,TRUE,TRUE,TRUE,"MVMR requires the same SNPs to have beta/se for BMI, smoking initiation, and each outcome after allele harmonisation."
"rs6870983",TRUE,FALSE,FALSE,TRUE,TRUE,TRUE,"MVMR requires the same SNPs to have beta/se for BMI, smoking initiation, and each outcome after allele harmonisation."
"rs6893752",FALSE,TRUE,TRUE,FALSE,TRUE,TRUE,"MVMR requires the same SNPs to have beta/se for BMI, smoking initiation, and each outcome after allele harmonisation."
"rs6922607",TRUE,FALSE,FALSE,TRUE,TRUE,TRUE,"MVMR requires the same SNPs to have beta/se for BMI, smoking initiation, and each outcome after allele harmonisation."
"rs7037266",TRUE,FALSE,FALSE,TRUE,TRUE,TRUE,"MVMR requires the same SNPs to have beta/se for BMI, smoking initiation, and each outcome after allele harmonisation."
"rs705217",TRUE,FALSE,FALSE,TRUE,TRUE,TRUE,"MVMR requires the same SNPs to have beta/se for BMI, smoking initiation, and each outcome after allele harmonisation."
"rs7096307",TRUE,FALSE,FALSE,TRUE,TRUE,TRUE,"MVMR requires the same SNPs to have beta/se for BMI, smoking initiation, and each outcome after allele harmonisation."
"rs7098100",TRUE,FALSE,FALSE,TRUE,TRUE,TRUE,"MVMR requires the same SNPs to have beta/se for BMI, smoking initiation, and each outcome after allele harmonisation."
"rs7102454",TRUE,FALSE,FALSE,TRUE,TRUE,TRUE,"MVMR requires the same SNPs to have beta/se for BMI, smoking initiation, and each outcome after allele harmonisation."
"rs711347",TRUE,FALSE,FALSE,TRUE,TRUE,TRUE,"MVMR requires the same SNPs to have beta/se for BMI, smoking initiation, and each outcome after allele harmonisation."
"rs7117238",TRUE,FALSE,FALSE,TRUE,TRUE,TRUE,"MVMR requires the same SNPs to have beta/se for BMI, smoking initiation, and each outcome after allele harmonisation."
"rs7119801",TRUE,FALSE,FALSE,TRUE,TRUE,TRUE,"MVMR requires the same SNPs to have beta/se for BMI, smoking initiation, and each outcome after allele harmonisation."
"rs7124681",TRUE,FALSE,FALSE,TRUE,TRUE,TRUE,"MVMR requires the same SNPs to have beta/se for BMI, smoking initiation, and each outcome after allele harmonisation."
"rs7138803",TRUE,FALSE,FALSE,TRUE,TRUE,TRUE,"MVMR requires the same SNPs to have beta/se for BMI, smoking initiation, and each outcome after allele harmonisation."
"rs7144011",TRUE,FALSE,FALSE,TRUE,TRUE,TRUE,"MVMR requires the same SNPs to have beta/se for BMI, smoking initiation, and each outcome after allele harmonisation."
"rs7148846",TRUE,FALSE,FALSE,TRUE,TRUE,TRUE,"MVMR requires the same SNPs to have beta/se for BMI, smoking initiation, and each outcome after allele harmonisation."
"rs7163407",TRUE,FALSE,FALSE,TRUE,TRUE,TRUE,"MVMR requires the same SNPs to have beta/se for BMI, smoking initiation, and each outcome after allele harmonisation."
"rs7164558",TRUE,FALSE,FALSE,TRUE,TRUE,TRUE,"MVMR requires the same SNPs to have beta/se for BMI, smoking initiation, and each outcome after allele harmonisation."
"rs7187776",TRUE,FALSE,FALSE,TRUE,TRUE,TRUE,"MVMR requires the same SNPs to have beta/se for BMI, smoking initiation, and each outcome after allele harmonisation."
"rs7192057",TRUE,FALSE,FALSE,TRUE,TRUE,TRUE,"MVMR requires the same SNPs to have beta/se for BMI, smoking initiation, and each outcome after allele harmonisation."
"rs7195386",TRUE,FALSE,FALSE,TRUE,TRUE,TRUE,"MVMR requires the same SNPs to have beta/se for BMI, smoking initiation, and each outcome after allele harmonisation."
"rs7197072",FALSE,TRUE,TRUE,FALSE,TRUE,TRUE,"MVMR requires the same SNPs to have beta/se for BMI, smoking initiation, and each outcome after allele harmonisation."
"rs7206395",TRUE,FALSE,FALSE,TRUE,TRUE,TRUE,"MVMR requires the same SNPs to have beta/se for BMI, smoking initiation, and each outcome after allele harmonisation."
"rs7206608",TRUE,FALSE,FALSE,TRUE,TRUE,TRUE,"MVMR requires the same SNPs to have beta/se for BMI, smoking initiation, and each outcome after allele harmonisation."
"rs7222349",TRUE,FALSE,FALSE,TRUE,TRUE,TRUE,"MVMR requires the same SNPs to have beta/se for BMI, smoking initiation, and each outcome after allele harmonisation."
"rs7224742",FALSE,TRUE,TRUE,FALSE,TRUE,TRUE,"MVMR requires the same SNPs to have beta/se for BMI, smoking initiation, and each outcome after allele harmonisation."
"rs7238501",TRUE,FALSE,FALSE,TRUE,TRUE,TRUE,"MVMR requires the same SNPs to have beta/se for BMI, smoking initiation, and each outcome after allele harmonisation."
"rs72789632",FALSE,TRUE,TRUE,FALSE,TRUE,TRUE,"MVMR requires the same SNPs to have beta/se for BMI, smoking initiation, and each outcome after allele harmonisation."
"rs72896886",FALSE,TRUE,TRUE,FALSE,TRUE,TRUE,"MVMR requires the same SNPs to have beta/se for BMI, smoking initiation, and each outcome after allele harmonisation."
"rs7318817",TRUE,FALSE,FALSE,TRUE,TRUE,TRUE,"MVMR requires the same SNPs to have beta/se for BMI, smoking initiation, and each outcome after allele harmonisation."
"rs7322872",FALSE,TRUE,TRUE,FALSE,TRUE,TRUE,"MVMR requires the same SNPs to have beta/se for BMI, smoking initiation, and each outcome after allele harmonisation."
"rs7334078",TRUE,FALSE,FALSE,TRUE,TRUE,TRUE,"MVMR requires the same SNPs to have beta/se for BMI, smoking initiation, and each outcome after allele harmonisation."
"rs733594",TRUE,FALSE,FALSE,TRUE,TRUE,TRUE,"MVMR requires the same SNPs to have beta/se for BMI, smoking initiation, and each outcome after allele harmonisation."
"rs741959",TRUE,FALSE,FALSE,TRUE,TRUE,TRUE,"MVMR requires the same SNPs to have beta/se for BMI, smoking initiation, and each outcome after allele harmonisation."
"rs7519259",TRUE,FALSE,FALSE,TRUE,TRUE,TRUE,"MVMR requires the same SNPs to have beta/se for BMI, smoking initiation, and each outcome after allele harmonisation."
"rs7531656",TRUE,FALSE,FALSE,TRUE,TRUE,TRUE,"MVMR requires the same SNPs to have beta/se for BMI, smoking initiation, and each outcome after allele harmonisation."
"rs7535528",TRUE,FALSE,FALSE,TRUE,TRUE,TRUE,"MVMR requires the same SNPs to have beta/se for BMI, smoking initiation, and each outcome after allele harmonisation."
"rs754635",TRUE,FALSE,FALSE,TRUE,TRUE,TRUE,"MVMR requires the same SNPs to have beta/se for BMI, smoking initiation, and each outcome after allele harmonisation."
"rs7550711",TRUE,FALSE,FALSE,TRUE,TRUE,TRUE,"MVMR requires the same SNPs to have beta/se for BMI, smoking initiation, and each outcome after allele harmonisation."
"rs7551507",TRUE,FALSE,FALSE,TRUE,TRUE,TRUE,"MVMR requires the same SNPs to have beta/se for BMI, smoking initiation, and each outcome after allele harmonisation."
"rs7555507",FALSE,TRUE,TRUE,FALSE,TRUE,TRUE,"MVMR requires the same SNPs to have beta/se for BMI, smoking initiation, and each outcome after allele harmonisation."
"rs7557796",TRUE,FALSE,FALSE,TRUE,TRUE,TRUE,"MVMR requires the same SNPs to have beta/se for BMI, smoking initiation, and each outcome after allele harmonisation."
"rs756717",TRUE,FALSE,FALSE,TRUE,TRUE,TRUE,"MVMR requires the same SNPs to have beta/se for BMI, smoking initiation, and each outcome after allele harmonisation."
"rs7568228",TRUE,FALSE,FALSE,TRUE,TRUE,TRUE,"MVMR requires the same SNPs to have beta/se for BMI, smoking initiation, and each outcome after allele harmonisation."
"rs7585579",FALSE,TRUE,TRUE,FALSE,TRUE,TRUE,"MVMR requires the same SNPs to have beta/se for BMI, smoking initiation, and each outcome after allele harmonisation."
"rs7594289",TRUE,FALSE,FALSE,TRUE,TRUE,TRUE,"MVMR requires the same SNPs to have beta/se for BMI, smoking initiation, and each outcome after allele harmonisation."
"rs7598508",TRUE,FALSE,FALSE,TRUE,TRUE,TRUE,"MVMR requires the same SNPs to have beta/se for BMI, smoking initiation, and each outcome after allele harmonisation."
"rs7599312",TRUE,FALSE,FALSE,TRUE,TRUE,TRUE,"MVMR requires the same SNPs to have beta/se for BMI, smoking initiation, and each outcome after allele harmonisation."
"rs7615297",TRUE,FALSE,FALSE,TRUE,TRUE,TRUE,"MVMR requires the same SNPs to have beta/se for BMI, smoking initiation, and each outcome after allele harmonisation."
"rs76214862",FALSE,TRUE,TRUE,FALSE,TRUE,TRUE,"MVMR requires the same SNPs to have beta/se for BMI, smoking initiation, and each outcome after allele harmonisation."
"rs7626079",TRUE,FALSE,FALSE,TRUE,TRUE,TRUE,"MVMR requires the same SNPs to have beta/se for BMI, smoking initiation, and each outcome after allele harmonisation."
"rs7637852",TRUE,FALSE,FALSE,TRUE,TRUE,TRUE,"MVMR requires the same SNPs to have beta/se for BMI, smoking initiation, and each outcome after allele harmonisation."
"rs7640424",TRUE,FALSE,FALSE,TRUE,TRUE,TRUE,"MVMR requires the same SNPs to have beta/se for BMI, smoking initiation, and each outcome after allele harmonisation."
"rs7647242",TRUE,FALSE,FALSE,TRUE,TRUE,TRUE,"MVMR requires the same SNPs to have beta/se for BMI, smoking initiation, and each outcome after allele harmonisation."
"rs765875",TRUE,FALSE,FALSE,TRUE,TRUE,TRUE,"MVMR requires the same SNPs to have beta/se for BMI, smoking initiation, and each outcome after allele harmonisation."
"rs76608582",FALSE,TRUE,TRUE,FALSE,TRUE,TRUE,"MVMR requires the same SNPs to have beta/se for BMI, smoking initiation, and each outcome after allele harmonisation."
"rs7683836",TRUE,FALSE,FALSE,TRUE,TRUE,TRUE,"MVMR requires the same SNPs to have beta/se for BMI, smoking initiation, and each outcome after allele harmonisation."
"rs768840",TRUE,FALSE,FALSE,TRUE,TRUE,TRUE,"MVMR requires the same SNPs to have beta/se for BMI, smoking initiation, and each outcome after allele harmonisation."
"rs769449",TRUE,FALSE,FALSE,TRUE,TRUE,TRUE,"MVMR requires the same SNPs to have beta/se for BMI, smoking initiation, and each outcome after allele harmonisation."
"rs7694732",TRUE,FALSE,FALSE,TRUE,TRUE,TRUE,"MVMR requires the same SNPs to have beta/se for BMI, smoking initiation, and each outcome after allele harmonisation."
"rs7704281",TRUE,FALSE,FALSE,TRUE,TRUE,TRUE,"MVMR requires the same SNPs to have beta/se for BMI, smoking initiation, and each outcome after allele harmonisation."
"rs7707981",TRUE,FALSE,FALSE,TRUE,TRUE,TRUE,"MVMR requires the same SNPs to have beta/se for BMI, smoking initiation, and each outcome after allele harmonisation."
"rs7711753",TRUE,FALSE,FALSE,TRUE,TRUE,TRUE,"MVMR requires the same SNPs to have beta/se for BMI, smoking initiation, and each outcome after allele harmonisation."
"rs7715256",TRUE,FALSE,FALSE,TRUE,TRUE,TRUE,"MVMR requires the same SNPs to have beta/se for BMI, smoking initiation, and each outcome after allele harmonisation."
"rs7730004",TRUE,FALSE,FALSE,TRUE,TRUE,TRUE,"MVMR requires the same SNPs to have beta/se for BMI, smoking initiation, and each outcome after allele harmonisation."
"rs7730898",TRUE,FALSE,FALSE,TRUE,TRUE,TRUE,"MVMR requires the same SNPs to have beta/se for BMI, smoking initiation, and each outcome after allele harmonisation."
"rs7761673",TRUE,FALSE,FALSE,TRUE,TRUE,TRUE,"MVMR requires the same SNPs to have beta/se for BMI, smoking initiation, and each outcome after allele harmonisation."
"rs7788008",TRUE,FALSE,FALSE,TRUE,TRUE,TRUE,"MVMR requires the same SNPs to have beta/se for BMI, smoking initiation, and each outcome after allele harmonisation."
"rs7811342",TRUE,FALSE,FALSE,TRUE,TRUE,TRUE,"MVMR requires the same SNPs to have beta/se for BMI, smoking initiation, and each outcome after allele harmonisation."
"rs7826312",TRUE,FALSE,FALSE,TRUE,TRUE,TRUE,"MVMR requires the same SNPs to have beta/se for BMI, smoking initiation, and each outcome after allele harmonisation."
"rs7829715",FALSE,TRUE,TRUE,FALSE,TRUE,TRUE,"MVMR requires the same SNPs to have beta/se for BMI, smoking initiation, and each outcome after allele harmonisation."
"rs78411160",FALSE,TRUE,TRUE,FALSE,TRUE,TRUE,"MVMR requires the same SNPs to have beta/se for BMI, smoking initiation, and each outcome after allele harmonisation."
"rs7843948",TRUE,FALSE,FALSE,TRUE,TRUE,TRUE,"MVMR requires the same SNPs to have beta/se for BMI, smoking initiation, and each outcome after allele harmonisation."
"rs7869771",TRUE,FALSE,FALSE,TRUE,TRUE,TRUE,"MVMR requires the same SNPs to have beta/se for BMI, smoking initiation, and each outcome after allele harmonisation."
"rs7871866",TRUE,FALSE,FALSE,TRUE,TRUE,TRUE,"MVMR requires the same SNPs to have beta/se for BMI, smoking initiation, and each outcome after allele harmonisation."
"rs7893571",TRUE,FALSE,FALSE,TRUE,TRUE,TRUE,"MVMR requires the same SNPs to have beta/se for BMI, smoking initiation, and each outcome after allele harmonisation."
"rs7899106",TRUE,FALSE,FALSE,TRUE,TRUE,TRUE,"MVMR requires the same SNPs to have beta/se for BMI, smoking initiation, and each outcome after allele harmonisation."
"rs7903146",TRUE,FALSE,FALSE,TRUE,TRUE,TRUE,"MVMR requires the same SNPs to have beta/se for BMI, smoking initiation, and each outcome after allele harmonisation."
"rs7921378",FALSE,TRUE,TRUE,FALSE,TRUE,TRUE,"MVMR requires the same SNPs to have beta/se for BMI, smoking initiation, and each outcome after allele harmonisation."
"rs7928523",TRUE,FALSE,FALSE,TRUE,TRUE,TRUE,"MVMR requires the same SNPs to have beta/se for BMI, smoking initiation, and each outcome after allele harmonisation."
"rs7929518",FALSE,TRUE,TRUE,FALSE,TRUE,TRUE,"MVMR requires the same SNPs to have beta/se for BMI, smoking initiation, and each outcome after allele harmonisation."
"rs7933205",TRUE,FALSE,FALSE,TRUE,TRUE,TRUE,"MVMR requires the same SNPs to have beta/se for BMI, smoking initiation, and each outcome after allele harmonisation."
"rs7938812",FALSE,TRUE,TRUE,FALSE,TRUE,TRUE,"MVMR requires the same SNPs to have beta/se for BMI, smoking initiation, and each outcome after allele harmonisation."
"rs7968230",TRUE,FALSE,FALSE,TRUE,TRUE,TRUE,"MVMR requires the same SNPs to have beta/se for BMI, smoking initiation, and each outcome after allele harmonisation."
"rs7969559",FALSE,TRUE,TRUE,FALSE,TRUE,TRUE,"MVMR requires the same SNPs to have beta/se for BMI, smoking initiation, and each outcome after allele harmonisation."
"rs7970953",TRUE,FALSE,FALSE,TRUE,TRUE,TRUE,"MVMR requires the same SNPs to have beta/se for BMI, smoking initiation, and each outcome after allele harmonisation."
"rs7978615",TRUE,FALSE,FALSE,TRUE,TRUE,TRUE,"MVMR requires the same SNPs to have beta/se for BMI, smoking initiation, and each outcome after allele harmonisation."
"rs7983065",TRUE,FALSE,FALSE,TRUE,TRUE,TRUE,"MVMR requires the same SNPs to have beta/se for BMI, smoking initiation, and each outcome after allele harmonisation."
"rs8036040",TRUE,FALSE,FALSE,TRUE,TRUE,TRUE,"MVMR requires the same SNPs to have beta/se for BMI, smoking initiation, and each outcome after allele harmonisation."
"rs806600",TRUE,FALSE,FALSE,TRUE,TRUE,TRUE,"MVMR requires the same SNPs to have beta/se for BMI, smoking initiation, and each outcome after allele harmonisation."
"rs8068351",TRUE,FALSE,FALSE,TRUE,TRUE,TRUE,"MVMR requires the same SNPs to have beta/se for BMI, smoking initiation, and each outcome after allele harmonisation."
"rs8071182",TRUE,FALSE,FALSE,TRUE,TRUE,TRUE,"MVMR requires the same SNPs to have beta/se for BMI, smoking initiation, and each outcome after allele harmonisation."
"rs808820",TRUE,FALSE,FALSE,TRUE,TRUE,TRUE,"MVMR requires the same SNPs to have beta/se for BMI, smoking initiation, and each outcome after allele harmonisation."
"rs8090983",TRUE,FALSE,FALSE,TRUE,TRUE,TRUE,"MVMR requires the same SNPs to have beta/se for BMI, smoking initiation, and each outcome after allele harmonisation."
"rs8097544",TRUE,FALSE,FALSE,TRUE,TRUE,TRUE,"MVMR requires the same SNPs to have beta/se for BMI, smoking initiation, and each outcome after allele harmonisation."
"rs8097783",TRUE,FALSE,FALSE,TRUE,TRUE,TRUE,"MVMR requires the same SNPs to have beta/se for BMI, smoking initiation, and each outcome after allele harmonisation."
"rs8102137",TRUE,FALSE,FALSE,TRUE,TRUE,TRUE,"MVMR requires the same SNPs to have beta/se for BMI, smoking initiation, and each outcome after allele harmonisation."
"rs8123881",TRUE,FALSE,FALSE,TRUE,TRUE,TRUE,"MVMR requires the same SNPs to have beta/se for BMI, smoking initiation, and each outcome after allele harmonisation."
"rs825688",TRUE,FALSE,FALSE,TRUE,TRUE,TRUE,"MVMR requires the same SNPs to have beta/se for BMI, smoking initiation, and each outcome after allele harmonisation."
"rs845084",TRUE,FALSE,FALSE,TRUE,TRUE,TRUE,"MVMR requires the same SNPs to have beta/se for BMI, smoking initiation, and each outcome after allele harmonisation."
"rs852056",TRUE,FALSE,FALSE,TRUE,TRUE,TRUE,"MVMR requires the same SNPs to have beta/se for BMI, smoking initiation, and each outcome after allele harmonisation."
"rs865809",TRUE,FALSE,FALSE,TRUE,TRUE,TRUE,"MVMR requires the same SNPs to have beta/se for BMI, smoking initiation, and each outcome after allele harmonisation."
"rs872281",TRUE,FALSE,FALSE,TRUE,TRUE,TRUE,"MVMR requires the same SNPs to have beta/se for BMI, smoking initiation, and each outcome after allele harmonisation."
"rs879255",TRUE,FALSE,FALSE,TRUE,TRUE,TRUE,"MVMR requires the same SNPs to have beta/se for BMI, smoking initiation, and each outcome after allele harmonisation."
"rs879620",TRUE,FALSE,FALSE,TRUE,TRUE,TRUE,"MVMR requires the same SNPs to have beta/se for BMI, smoking initiation, and each outcome after allele harmonisation."
"rs889398",TRUE,FALSE,FALSE,TRUE,TRUE,TRUE,"MVMR requires the same SNPs to have beta/se for BMI, smoking initiation, and each outcome after allele harmonisation."
"rs892261",TRUE,FALSE,FALSE,TRUE,TRUE,TRUE,"MVMR requires the same SNPs to have beta/se for BMI, smoking initiation, and each outcome after allele harmonisation."
"rs895330",TRUE,FALSE,FALSE,TRUE,TRUE,TRUE,"MVMR requires the same SNPs to have beta/se for BMI, smoking initiation, and each outcome after allele harmonisation."
"rs900144",TRUE,FALSE,FALSE,TRUE,TRUE,TRUE,"MVMR requires the same SNPs to have beta/se for BMI, smoking initiation, and each outcome after allele harmonisation."
"rs901630",TRUE,FALSE,FALSE,TRUE,TRUE,TRUE,"MVMR requires the same SNPs to have beta/se for BMI, smoking initiation, and each outcome after allele harmonisation."
"rs902695",TRUE,FALSE,FALSE,TRUE,TRUE,TRUE,"MVMR requires the same SNPs to have beta/se for BMI, smoking initiation, and each outcome after allele harmonisation."
"rs925018",TRUE,FALSE,FALSE,TRUE,TRUE,TRUE,"MVMR requires the same SNPs to have beta/se for BMI, smoking initiation, and each outcome after allele harmonisation."
"rs9291467",TRUE,FALSE,FALSE,TRUE,TRUE,TRUE,"MVMR requires the same SNPs to have beta/se for BMI, smoking initiation, and each outcome after allele harmonisation."
"rs9294260",TRUE,FALSE,FALSE,TRUE,TRUE,TRUE,"MVMR requires the same SNPs to have beta/se for BMI, smoking initiation, and each outcome after allele harmonisation."
"rs930295",TRUE,FALSE,FALSE,TRUE,TRUE,TRUE,"MVMR requires the same SNPs to have beta/se for BMI, smoking initiation, and each outcome after allele harmonisation."
"rs9304665",TRUE,FALSE,FALSE,TRUE,TRUE,TRUE,"MVMR requires the same SNPs to have beta/se for BMI, smoking initiation, and each outcome after allele harmonisation."
"rs9317615",TRUE,FALSE,FALSE,TRUE,TRUE,TRUE,"MVMR requires the same SNPs to have beta/se for BMI, smoking initiation, and each outcome after allele harmonisation."
"rs934224",TRUE,FALSE,FALSE,TRUE,TRUE,TRUE,"MVMR requires the same SNPs to have beta/se for BMI, smoking initiation, and each outcome after allele harmonisation."
"rs9362662",TRUE,FALSE,FALSE,TRUE,TRUE,TRUE,"MVMR requires the same SNPs to have beta/se for BMI, smoking initiation, and each outcome after allele harmonisation."
"rs9367368",TRUE,FALSE,FALSE,TRUE,TRUE,TRUE,"MVMR requires the same SNPs to have beta/se for BMI, smoking initiation, and each outcome after allele harmonisation."
"rs9375702",TRUE,FALSE,FALSE,TRUE,TRUE,TRUE,"MVMR requires the same SNPs to have beta/se for BMI, smoking initiation, and each outcome after allele harmonisation."
"rs9379827",TRUE,FALSE,FALSE,TRUE,TRUE,TRUE,"MVMR requires the same SNPs to have beta/se for BMI, smoking initiation, and each outcome after allele harmonisation."
"rs9408882",TRUE,FALSE,FALSE,TRUE,TRUE,TRUE,"MVMR requires the same SNPs to have beta/se for BMI, smoking initiation, and each outcome after allele harmonisation."
"rs9423279",FALSE,TRUE,TRUE,FALSE,TRUE,TRUE,"MVMR requires the same SNPs to have beta/se for BMI, smoking initiation, and each outcome after allele harmonisation."
"rs943005",TRUE,FALSE,FALSE,TRUE,TRUE,TRUE,"MVMR requires the same SNPs to have beta/se for BMI, smoking initiation, and each outcome after allele harmonisation."
"rs947137",TRUE,FALSE,FALSE,TRUE,TRUE,TRUE,"MVMR requires the same SNPs to have beta/se for BMI, smoking initiation, and each outcome after allele harmonisation."
"rs947612",TRUE,FALSE,FALSE,TRUE,TRUE,TRUE,"MVMR requires the same SNPs to have beta/se for BMI, smoking initiation, and each outcome after allele harmonisation."
"rs9522282",TRUE,FALSE,FALSE,TRUE,TRUE,TRUE,"MVMR requires the same SNPs to have beta/se for BMI, smoking initiation, and each outcome after allele harmonisation."
"rs9527895",TRUE,FALSE,FALSE,TRUE,TRUE,TRUE,"MVMR requires the same SNPs to have beta/se for BMI, smoking initiation, and each outcome after allele harmonisation."
"rs9530843",TRUE,FALSE,FALSE,TRUE,TRUE,TRUE,"MVMR requires the same SNPs to have beta/se for BMI, smoking initiation, and each outcome after allele harmonisation."
"rs9540731",FALSE,TRUE,TRUE,FALSE,TRUE,TRUE,"MVMR requires the same SNPs to have beta/se for BMI, smoking initiation, and each outcome after allele harmonisation."
"rs9547153",TRUE,FALSE,FALSE,TRUE,TRUE,TRUE,"MVMR requires the same SNPs to have beta/se for BMI, smoking initiation, and each outcome after allele harmonisation."
"rs9563576",TRUE,FALSE,FALSE,TRUE,TRUE,TRUE,"MVMR requires the same SNPs to have beta/se for BMI, smoking initiation, and each outcome after allele harmonisation."
"rs9615905",TRUE,FALSE,FALSE,TRUE,TRUE,TRUE,"MVMR requires the same SNPs to have beta/se for BMI, smoking initiation, and each outcome after allele harmonisation."
"rs962625",FALSE,TRUE,TRUE,FALSE,TRUE,TRUE,"MVMR requires the same SNPs to have beta/se for BMI, smoking initiation, and each outcome after allele harmonisation."
"rs962796",TRUE,FALSE,FALSE,TRUE,TRUE,TRUE,"MVMR requires the same SNPs to have beta/se for BMI, smoking initiation, and each outcome after allele harmonisation."
"rs9630985",TRUE,FALSE,FALSE,TRUE,TRUE,TRUE,"MVMR requires the same SNPs to have beta/se for BMI, smoking initiation, and each outcome after allele harmonisation."
"rs9636202",TRUE,FALSE,FALSE,TRUE,TRUE,TRUE,"MVMR requires the same SNPs to have beta/se for BMI, smoking initiation, and each outcome after allele harmonisation."
"rs9688431",TRUE,FALSE,FALSE,TRUE,TRUE,TRUE,"MVMR requires the same SNPs to have beta/se for BMI, smoking initiation, and each outcome after allele harmonisation."
"rs969273",TRUE,FALSE,FALSE,TRUE,TRUE,TRUE,"MVMR requires the same SNPs to have beta/se for BMI, smoking initiation, and each outcome after allele harmonisation."
"rs9783858",TRUE,FALSE,FALSE,TRUE,TRUE,TRUE,"MVMR requires the same SNPs to have beta/se for BMI, smoking initiation, and each outcome after allele harmonisation."
"rs9816226",TRUE,FALSE,FALSE,TRUE,TRUE,TRUE,"MVMR requires the same SNPs to have beta/se for BMI, smoking initiation, and each outcome after allele harmonisation."
"rs9817840",TRUE,FALSE,FALSE,TRUE,TRUE,TRUE,"MVMR requires the same SNPs to have beta/se for BMI, smoking initiation, and each outcome after allele harmonisation."
"rs9835772",FALSE,TRUE,TRUE,FALSE,TRUE,TRUE,"MVMR requires the same SNPs to have beta/se for BMI, smoking initiation, and each outcome after allele harmonisation."
"rs9926784",TRUE,FALSE,FALSE,TRUE,TRUE,TRUE,"MVMR requires the same SNPs to have beta/se for BMI, smoking initiation, and each outcome after allele harmonisation."
"rs993700",FALSE,TRUE,TRUE,FALSE,TRUE,TRUE,"MVMR requires the same SNPs to have beta/se for BMI, smoking initiation, and each outcome after allele harmonisation."
"rs998732",TRUE,FALSE,FALSE,TRUE,TRUE,TRUE,"MVMR requires the same SNPs to have beta/se for BMI, smoking initiation, and each outcome after allele harmonisation."
"rs9989141",TRUE,FALSE,FALSE,TRUE,TRUE,TRUE,"MVMR requires the same SNPs to have beta/se for BMI, smoking initiation, and each outcome after allele harmonisation."
"rs999889",TRUE,FALSE,FALSE,TRUE,TRUE,TRUE,"MVMR requires the same SNPs to have beta/se for BMI, smoking initiation, and each outcome after allele harmonisation."
