"exposure","outcome","opengwas_id","overlap_scenario_fraction","min_F_used","median_F","ivw_or_used","ivw_beta_used","weak_instrument_overlap_bias_proxy_using_minF","weak_instrument_overlap_bias_proxy_using_medianF","max_beta_bias_proxy_using_minF","lower_bound_or_after_subtracting_proxy_bias","direction_preserved_under_proxy_bound","note"
"BMI","Other intervertebral disc disorders / intervertebral disc degeneration","finn-b-M13_INTERVERTEB",0,28.62,51.41,1.301,0.263133199530368,0,0,0,1.301,TRUE,"Scenario sensitivity only; not a formal MRlap correction. Proxy assumes first-order weak-instrument bias scales approximately with overlap fraction divided by instrument F."
"BMI","Other intervertebral disc disorders / intervertebral disc degeneration","finn-b-M13_INTERVERTEB",0.01,28.62,51.41,1.301,0.263133199530368,0.000349406009783368,0.000194514685858782,9.19403212894368e-05,1.30088039114053,TRUE,"Scenario sensitivity only; not a formal MRlap correction. Proxy assumes first-order weak-instrument bias scales approximately with overlap fraction divided by instrument F."
"BMI","Other intervertebral disc disorders / intervertebral disc degeneration","finn-b-M13_INTERVERTEB",0.05,28.62,51.41,1.301,0.263133199530368,0.00174703004891684,0.000972573429293912,0.000459701606447184,1.30040206565623,TRUE,"Scenario sensitivity only; not a formal MRlap correction. Proxy assumes first-order weak-instrument bias scales approximately with overlap fraction divided by instrument F."
"BMI","Other intervertebral disc disorders / intervertebral disc degeneration","finn-b-M13_INTERVERTEB",0.1,28.62,51.41,1.301,0.263133199530368,0.00349406009783368,0.00194514685858782,0.000919403212894368,1.29980440612067,TRUE,"Scenario sensitivity only; not a formal MRlap correction. Proxy assumes first-order weak-instrument bias scales approximately with overlap fraction divided by instrument F."
"BMI","Other intervertebral disc disorders / intervertebral disc degeneration","finn-b-M13_INTERVERTEB",0.2,28.62,51.41,1.301,0.263133199530368,0.00698812019566737,0.00389029371717565,0.00183880642578874,1.29860991096903,TRUE,"Scenario sensitivity only; not a formal MRlap correction. Proxy assumes first-order weak-instrument bias scales approximately with overlap fraction divided by instrument F."
"BMI","Other intervertebral disc disorders / intervertebral disc degeneration","finn-b-M13_INTERVERTEB",0.5,28.62,51.41,1.301,0.263133199530368,0.0174703004891684,0.00972573429293912,0.00459701606447184,1.2950330077878,TRUE,"Scenario sensitivity only; not a formal MRlap correction. Proxy assumes first-order weak-instrument bias scales approximately with overlap fraction divided by instrument F."
"BMI","Other intervertebral disc disorders / intervertebral disc degeneration","finn-b-M13_INTERVERTEB",1,28.62,51.41,1.301,0.263133199530368,0.0349406009783368,0.0194514685858782,0.00919403212894368,1.28909338298225,TRUE,"Scenario sensitivity only; not a formal MRlap correction. Proxy assumes first-order weak-instrument bias scales approximately with overlap fraction divided by instrument F."
"BMI","Spinal stenosis","finn-b-M13_SPINSTENOSIS",0,28.62,51.41,1.622,0.483659955693221,0,0,0,1.622,TRUE,"Scenario sensitivity only; not a formal MRlap correction. Proxy assumes first-order weak-instrument bias scales approximately with overlap fraction divided by instrument F."
"BMI","Spinal stenosis","finn-b-M13_SPINSTENOSIS",0.01,28.62,51.41,1.622,0.483659955693221,0.000349406009783368,0.000194514685858782,0.000168993695210769,1.62172591538631,TRUE,"Scenario sensitivity only; not a formal MRlap correction. Proxy assumes first-order weak-instrument bias scales approximately with overlap fraction divided by instrument F."
"BMI","Spinal stenosis","finn-b-M13_SPINSTENOSIS",0.05,28.62,51.41,1.622,0.483659955693221,0.00174703004891684,0.000972573429293912,0.000844968476053846,1.62063003999986,TRUE,"Scenario sensitivity only; not a formal MRlap correction. Proxy assumes first-order weak-instrument bias scales approximately with overlap fraction divided by instrument F."
"BMI","Spinal stenosis","finn-b-M13_SPINSTENOSIS",0.1,28.62,51.41,1.622,0.483659955693221,0.00349406009783368,0.00194514685858782,0.00168993695210769,1.61926123708381,TRUE,"Scenario sensitivity only; not a formal MRlap correction. Proxy assumes first-order weak-instrument bias scales approximately with overlap fraction divided by instrument F."
"BMI","Spinal stenosis","finn-b-M13_SPINSTENOSIS",0.2,28.62,51.41,1.622,0.483659955693221,0.00698812019566737,0.00389029371717565,0.00337987390421538,1.61652709859568,TRUE,"Scenario sensitivity only; not a formal MRlap correction. Proxy assumes first-order weak-instrument bias scales approximately with overlap fraction divided by instrument F."
"BMI","Spinal stenosis","finn-b-M13_SPINSTENOSIS",0.5,28.62,51.41,1.622,0.483659955693221,0.0174703004891684,0.00972573429293912,0.00844968476053846,1.60835235168161,TRUE,"Scenario sensitivity only; not a formal MRlap correction. Proxy assumes first-order weak-instrument bias scales approximately with overlap fraction divided by instrument F."
"BMI","Spinal stenosis","finn-b-M13_SPINSTENOSIS",1,28.62,51.41,1.622,0.483659955693221,0.0349406009783368,0.0194514685858782,0.0168993695210769,1.59481953585682,TRUE,"Scenario sensitivity only; not a formal MRlap correction. Proxy assumes first-order weak-instrument bias scales approximately with overlap fraction divided by instrument F."
"Smoking initiation","Other intervertebral disc disorders / intervertebral disc degeneration","finn-b-M13_INTERVERTEB",0,29.8,35.3,1.229,0.206200830583898,0,0,0,1.229,TRUE,"Scenario sensitivity only; not a formal MRlap correction. Proxy assumes first-order weak-instrument bias scales approximately with overlap fraction divided by instrument F."
"Smoking initiation","Other intervertebral disc disorders / intervertebral disc degeneration","finn-b-M13_INTERVERTEB",0.01,29.8,35.3,1.229,0.206200830583898,0.000335570469798658,0.00028328611898017,6.9194909591912e-05,1.22891496239823,TRUE,"Scenario sensitivity only; not a formal MRlap correction. Proxy assumes first-order weak-instrument bias scales approximately with overlap fraction divided by instrument F."
"Smoking initiation","Other intervertebral disc disorders / intervertebral disc degeneration","finn-b-M13_INTERVERTEB",0.05,29.8,35.3,1.229,0.206200830583898,0.00167785234899329,0.00141643059490085,0.00034597454795956,1.22857487082674,TRUE,"Scenario sensitivity only; not a formal MRlap correction. Proxy assumes first-order weak-instrument bias scales approximately with overlap fraction divided by instrument F."
"Smoking initiation","Other intervertebral disc disorders / intervertebral disc degeneration","finn-b-M13_INTERVERTEB",0.1,29.8,35.3,1.229,0.206200830583898,0.00335570469798658,0.0028328611898017,0.00069194909591912,1.2281498887119,TRUE,"Scenario sensitivity only; not a formal MRlap correction. Proxy assumes first-order weak-instrument bias scales approximately with overlap fraction divided by instrument F."
"Smoking initiation","Other intervertebral disc disorders / intervertebral disc degeneration","finn-b-M13_INTERVERTEB",0.2,29.8,35.3,1.229,0.206200830583898,0.00671140939597315,0.0056657223796034,0.00138389819183824,1.22730036545408,TRUE,"Scenario sensitivity only; not a formal MRlap correction. Proxy assumes first-order weak-instrument bias scales approximately with overlap fraction divided by instrument F."
"Smoking initiation","Other intervertebral disc disorders / intervertebral disc degeneration","finn-b-M13_INTERVERTEB",0.5,29.8,35.3,1.229,0.206200830583898,0.0167785234899329,0.0141643059490085,0.0034597454795956,1.22475531979616,TRUE,"Scenario sensitivity only; not a formal MRlap correction. Proxy assumes first-order weak-instrument bias scales approximately with overlap fraction divided by instrument F."
"Smoking initiation","Other intervertebral disc disorders / intervertebral disc degeneration","finn-b-M13_INTERVERTEB",1,29.8,35.3,1.229,0.206200830583898,0.0335570469798658,0.028328611898017,0.0069194909591912,1.22052529973067,TRUE,"Scenario sensitivity only; not a formal MRlap correction. Proxy assumes first-order weak-instrument bias scales approximately with overlap fraction divided by instrument F."
"Smoking initiation","Spinal stenosis","finn-b-M13_SPINSTENOSIS",0,29.8,35.3,1.379,0.321358598811165,0,0,0,1.379,TRUE,"Scenario sensitivity only; not a formal MRlap correction. Proxy assumes first-order weak-instrument bias scales approximately with overlap fraction divided by instrument F."
"Smoking initiation","Spinal stenosis","finn-b-M13_SPINSTENOSIS",0.01,29.8,35.3,1.379,0.321358598811165,0.000335570469798658,0.00028328611898017,0.000107838455976901,1.37885129878721,TRUE,"Scenario sensitivity only; not a formal MRlap correction. Proxy assumes first-order weak-instrument bias scales approximately with overlap fraction divided by instrument F."
"Smoking initiation","Spinal stenosis","finn-b-M13_SPINSTENOSIS",0.05,29.8,35.3,1.379,0.321358598811165,0.00167785234899329,0.00141643059490085,0.000539192279884505,1.37825665426719,TRUE,"Scenario sensitivity only; not a formal MRlap correction. Proxy assumes first-order weak-instrument bias scales approximately with overlap fraction divided by instrument F."
"Smoking initiation","Spinal stenosis","finn-b-M13_SPINSTENOSIS",0.1,29.8,35.3,1.379,0.321358598811165,0.00335570469798658,0.0028328611898017,0.00107838455976901,1.37751370923262,TRUE,"Scenario sensitivity only; not a formal MRlap correction. Proxy assumes first-order weak-instrument bias scales approximately with overlap fraction divided by instrument F."
"Smoking initiation","Spinal stenosis","finn-b-M13_SPINSTENOSIS",0.2,29.8,35.3,1.379,0.321358598811165,0.00671140939597315,0.0056657223796034,0.00215676911953802,1.37602902039436,TRUE,"Scenario sensitivity only; not a formal MRlap correction. Proxy assumes first-order weak-instrument bias scales approximately with overlap fraction divided by instrument F."
"Smoking initiation","Spinal stenosis","finn-b-M13_SPINSTENOSIS",0.5,29.8,35.3,1.379,0.321358598811165,0.0167785234899329,0.0141643059490085,0.00539192279884505,1.37158454819788,TRUE,"Scenario sensitivity only; not a formal MRlap correction. Proxy assumes first-order weak-instrument bias scales approximately with overlap fraction divided by instrument F."
"Smoking initiation","Spinal stenosis","finn-b-M13_SPINSTENOSIS",1,29.8,35.3,1.379,0.321358598811165,0.0335570469798658,0.028328611898017,0.0107838455976901,1.36420897233879,TRUE,"Scenario sensitivity only; not a formal MRlap correction. Proxy assumes first-order weak-instrument bias scales approximately with overlap fraction divided by instrument F."
