"relative_path","size_bytes","sha256"
".gitignore","471","16260e0d989a17fa5cbd5d23ec4176da24afba935f83bf95b9a8ecf0c3d0982c"
"CHANGELOG.md","1024","2b3fa737d5b63bf346ca6f83ab9bdeb84c28f5e552cd77eed03102ffa89cfee9"
"CITATION.cff","749","5c2d11f15fab5c64ed1a65662236b8fdbcec7b8c809eaa111c7b3bc8fb1ec793"
"DATA_ACCESS.md","4150","c18037da03851799fd20fafc8cf95cee5c6835219f0791d02f041f1da8f01a56"
"docs/AI_USE_AND_FIGURE_PROVENANCE.md","2119","ac348642f149c39ad86c5cffef122d8d460539d2f9e856706739572fea20d952"
"docs/KNOWN_LIMITATIONS.md","1458","72e8195a91073b8b7ddcb5b050cb30a5c9bfde039a53c8f1d529182f3df9e10e"
"docs/REPOSITORY_FILE_MANIFEST.md","417","a07b1791e4fe63f448ea0641081ac6d5b345565b199e4d382ce0305ddc8966a0"
"docs/REPRODUCIBILITY.md","2581","972a2cf7c1b72bc36ab10310ef6698bfa82c5fef3c4c09001c54c6c08da67ecd"
"docs/SUBMISSION_METADATA.md","1107","cc3bf83c6fdac1694c0538d4c40cbf2dae93a5bb07ebd5938662dec849b1081b"
"environment/R_sessionInfo_MRPRESSO.txt","689","8d444ebc804b03bc3ce2f3a9e0b60a18988e6e9d2c5efe6037bf233be82883d3"
"environment/README.md","218","bede2e51fc9c15ca0441ee85e970bc6a6ec7cdc80a60682bd2850e952896e6d0"
"environment/requirements.txt","47","f06213a09ba9ef152f2ccb70e628260c4559663c1df1bd2dc72b3b35d1375288"
"figures/figure_captions.md","4318","dbfd55772fa00bc322920282cb95e8ad5afe26177f6be045e95062e7210b8850"
"figures/figure_table_caption_inventory.csv","5409","22af0fffd4cb3e16375af2c7a270b53193c15872d5d32957703b19807b71742a"
"figures/Figure1_study_design_endpoint_hierarchy.png","418489","b15166516cdb0f0a7492b5f6f366cf39152f2cb673fc0f8d381fa3ed2232ce59"
"figures/Figure1_study_design_endpoint_hierarchy.svg","34114","598d5c4c297397cb0f944cab0c9bb9f932198be5763ad69202c497bcce336079"
"figures/Figure10_primary_diagnostic_traffic_light.png","335886","630c6cc5866b40c90b734c80443d6f3df8074b1fda6c4289d07a565d297d68eb"
"figures/Figure11_sample_overlap_bias_boundary.png","225580","b01d5c5400eb06f13fada91e7115d932845ada44592937e6848041a9797972c1"
"figures/Figure12_MVMR_covariance_sensitivity.png","254785","fea08a3451a6146c89ef50618a84c370aa0d61f26d621dae1722663651b36ba9"
"figures/Figure13_MRlap_sensitivity_estimates.png","208185","79d5d8efae70ccfd32b0457724bf145cb6ca9634ae170cc9cd224c27043309f0"
"figures/Figure14_sex_stratified_readiness_workflow.png","280761","ecb97b23b06a0a97cb5eb5e18e7c28a4099374d5ae1c88f042783e72b614818e"
"figures/Figure2_main_endpoint_hierarchy_forest_plot.png","351294","d122b9fcf6803d098896d52dcbe0c9a9e8c4a89304ab9619d2bd6bf7684426a0"
"figures/Figure3_adiposity_sensitivity_forest_plot.png","294053","b17d6370c1971517d5d603cb47377761c79b7e1e77e1b04adf2fda94194d7a77"
"figures/Figure4_evidence_triangulation_matrix.png","530802","c26c84128c2b2254547c22fc66cd9cc405b49216fca6e6cf07ab08fa30078ce0"
"figures/Figure5_mechanistic_interpretation_schematic.png","293591","3b0b0f20f332c3ffcce9fef09cd5cb8327f8694fe900ab16cb498b6d6823b30b"
"figures/Figure6_primary_pair_robustness_dashboard.png","288344","ff3c96092b2e6082c94d8be7c5612baa1f0630eab79997858399ef1163f58f3a"
"figures/Figure7_graphical_abstract_endpoint_hierarchy.png","321021","f750e69005e1cafedaef60cddce861861a43209f800ecd0f812666939fb21141"
"figures/Figure8_template_informed_evidence_architecture.png","298511","12dd93f7bc5a1e5a7a3c226523869e0acf42e51bb90bfb2ef84ca435bd5421bd"
"figures/Figure9_primary_pair_estimator_concordance.png","169722","d959f58a2537defe66083fac767e0c16697b58544090eb6a884dedc5de54cbe0"
"figures/README.md","1004","95ab437d3df60da0c1268e512a05180f976335e643966f2dbb1e11d3bf2fc4b7"
"LICENSE","1070","c824a0e493c3af9c31ad4745a4a2943c76b24c558a594ab6d2a1ec1a0dd3ac67"
"LICENSE-CONTENT.md","1226","65f0c516168b49a51ccc02b6b3c55608612589b4240ccf0ba508fbe78bdce835"
"README.md","4533","08307ea566558f5de9bddb949faba91b6f2816c23dfe74dd651bcaecfa463e0f"
"reporting/STROBE-MR_checklist.md","6092","a5ca34f8043c1179344fc0d35846e6d5b48513fa8d0d5a64692724da008ad5d8"
"results/mrpresso/mrpresso_independent_rerun_main_results.csv","1601","143f353214b8f1d801e7a1d11c98cbef16de4329fdd72809df18c105dfd08f11"
"results/mrpresso/mrpresso_independent_rerun_summary.csv","1106","134c50ee0bc70ce1d818d634bdb39d8440efa8f823dd3285c3d09a852144a8ff"
"results/mrpresso/mrpresso_warnings.csv","884","14f9788104efe64ed9ff4808f6158fda6e7c43018b5490c14f7836f5fc2caa96"
"results/mrpresso/validation_summary.json","486","faea819cb8de4c0f0fa763224c8af18c71ed78b85a772828ea709ae4a3137c18"
"results/mvmr_covariance_sensitivity/mvmr_conditional_F_covariance_sensitivity.csv","10821","f6487010725309b1dbf4f098e3c08aadd2e3cd2a94dd3e013ba41ca66e3edc93"
"results/mvmr_covariance_sensitivity/mvmr_covariance_sensitivity_summary.json","1380","a857b89a430c5ae8b537f4c1a6e99af4d02f3215c6321cf0cada57304f3d73cb"
"scripts/audit_supplementary_csvs.py","2981","1f041acf12047ab20a2302c4066423a52b419f0ff5598a81dc2353b050688d25"
"scripts/build_figure12_mvmr_covariance.py","6347","422906897efb2d58bd8e6a155768d60c8615c5849a51eb395556bc74df53a515"
"scripts/mvmr_covariance_sensitivity.py","6635","93ddc1f4963cf6cfba44fc6b3d936a45971f1345abd3daf94752b7f32cfed54b"
"scripts/run_independent_mrpresso_rerun.R","8917","700cd501a22517d49121a4b8abd9ae2ee0430de5b2eff3994e4ac8562d2f2905"
"supplementary/00_supplementary_csv_integrity_audit.csv","4372","cc08d4c9089af8ecac98a747c2eb0657426ff3273a09a78f493f34324a2ca7d5"
"supplementary/supplementary_manifest.csv","4372","cc08d4c9089af8ecac98a747c2eb0657426ff3273a09a78f493f34324a2ca7d5"
"supplementary/supplementary_materials_index.md","5732","35b3afd4e622766aa8f56dd4c78f94eae71c5732a310be8b421a2ce87e72a13c"
"supplementary/Supplementary_Table_S1_GWAS_metadata_and_endpoint_hierarchy.csv","2850","d84b8018200913629f07e3182e9c2640cc95f553843ae4d19f148ac2f6ac7399"
"supplementary/Supplementary_Table_S10_alternative_adiposity_and_UKB_body_composition_sensitivity.csv","5734","0f014e9fc8e391ef80978e77d12cc19ffc2fbdc4a139a6ff7dcf74401141f412"
"supplementary/Supplementary_Table_S11_reverse_MR_structural_to_BMI_smoking.csv","1430","17964bad03879d0fe2a3c148f02ca0f72861a69e3ba09a9c42b84a6c3093f1b9"
"supplementary/Supplementary_Table_S12_FinnGen_endpoint_definitions.csv","2323","9d899f101da3349975723cc544d12466f5fcaaa2bad9878ada2cc321dd00a508"
"supplementary/Supplementary_Table_S13_formal_binary_steiger_primary_pairs.csv","1916","6e698e45894e5e06d6d5dd0c6ec119ad34397bfaca3c4e16243f1a07cd85c93c"
"supplementary/Supplementary_Table_S14_power_I2GX_NOME_primary_pairs.csv","1729","54988d8f8539d98654254fd42183c90e0fafc0e81b73791bf76c17d77791c0cc"
"supplementary/Supplementary_Table_S15_leave_one_out_primary_pairs.csv","1789","170864d51c860213b5baa88cb3edd004522cb4fb9d6a34dc8f73d5bcf4913cf2"
"supplementary/Supplementary_Table_S16_MVMR_BMI_smoking_feasibility_audit.csv","1231","93e995aac3141a989cbe39777bcc7d91ab86b85b15e78649780c6a52ccedd255"
"supplementary/Supplementary_Table_S16B_MVMR_required_union_SNP_extraction_template.csv","98319","f6a4ebbf01647d529bcab474da05d17157226748ad1c516ddb2603c55229cfbf"
"supplementary/Supplementary_Table_S17_primary_sample_overlap_matrix.csv","1209","813309c27ddc181bfa33f331f0cdc8b62530a57171d491490e38595d224b3a10"
"supplementary/Supplementary_Table_S18_sample_overlap_bias_boundary_scenarios.csv","10746","742efbd0981c9342cef2aaf82f0c2669632f55125de31e973ee9246f316337ac"
"supplementary/Supplementary_Table_S19_MVMR_BMI_smoking_primary_results.csv","1770","e295f03802a44da66b969d0dfb48d2238efd1f378d7ccd381ede1e4fde4126e3"
"supplementary/Supplementary_Table_S2_endpoint_extraction_and_harmonisation_status.csv","3419","2396a3f21c93de470798e0a94ee4be0dbc81d290ab3bc73459c62bf63e90a4f2"
"supplementary/Supplementary_Table_S20_MVMR_BMI_smoking_harmonisation_QC.csv","705","94025d346a5b8698dfc4d4033c7acce9bf12596a480d816fa9268531b8e07d5e"
"supplementary/Supplementary_Table_S21_MRlap_primary_pairs.csv","2366","b07e7a64d2f1f506fcf170a1876ad6a9dd931c88bdea664f2f99ea6c9eaa36d6"
"supplementary/Supplementary_Table_S22_sex_stratified_MR_feasibility_audit.csv","3402","15d3916af4629f0424a45f7ef565a13de08aea51a1d4f14ec21df58b16979179"
"supplementary/Supplementary_Table_S23_GIANT_BMI_sex_specific_exposure_preparation.csv","604","f41506be59768991391a9ccd28c048fa4c5d48b251aa2b10c08c155d93614d55"
"supplementary/Supplementary_Table_S24_FinnGen_sex_specific_outcome_request_checklist.csv","1927","02cd4b242805639de3c653a9acafad689a64e06a5f1cec3e2445a127d43ebc07"
"supplementary/Supplementary_Table_S25_independent_MRPRESSO_input_manifest.csv","2480","9c947d9ff9ef18e16bc4697720a87e8b70477a57509b23bb7f27072ea8d2c37c"
"supplementary/Supplementary_Table_S26_independent_MRPRESSO_rerun_comparison.csv","1518","7e6ffb5505db72b78131c7f0576ab15515e6ba77ce9e211ca694e68cd740d177"
"supplementary/Supplementary_Table_S27_MVMR_covariance_sensitivity.csv","10821","f6487010725309b1dbf4f098e3c08aadd2e3cd2a94dd3e013ba41ca66e3edc93"
"supplementary/Supplementary_Table_S28_data_access_and_identifiability_constraints.csv","4354","1860b0b4f668dc52a2912f7eb5dcbd775a3c1cb01f4b952ae687fad616cc5d50"
"supplementary/Supplementary_Table_S3_full_MR_results_all_estimators.csv","42607","3d4f76ca285d575916d0750e4252111dfc10b6af40ba6366dca04d0024e8b0db"
"supplementary/Supplementary_Table_S4_heterogeneity_results.csv","15442","5f8eaaf222d03d7480580d7ffc8fc8b65dc14b693fdbab9f7b688f474b4c66ca"
"supplementary/Supplementary_Table_S5_MR_Egger_intercept_results.csv","7789","5a37852ee8c835b0ddb7b91a1c873951f28a0651e202728ad53e7f345d8e0acc"
"supplementary/Supplementary_Table_S6_Steiger_directionality_results.csv","3936","adaac937ffb878fa57ec01c6a7e7f8754c9e7056225cb007f31eaf4c390d03c3"
"supplementary/Supplementary_Table_S7_MRPRESSO_primary_structural_summary.csv","784","6e5aa050e4cac281287c0d344a94e2601d1ae62871d782188e7ab5b036a15ea9"
"supplementary/Supplementary_Table_S8_MRPRESSO_primary_structural_main_results.csv","1700","762346cd7a7d7a9e3beaf58dc754be0d40e487d9b190d73fca31503b71c2827a"
"supplementary/Supplementary_Table_S9_cigarettes_per_day_IVW_sensitivity.csv","2712","b35b23ad6d76b7aaea3432b358621bcb43548ad18d013fed8f7d28b4c2fc7423"
